,smiles,weight,logp,rotatable_bonds,tpsa,rings,AroRings,h_donors,h_acceptors
0,Cc1ccc(-c2nc(C#N)c(S(=O)(=O)N(C)CCO)o2)cc1,321.35800000000006,1.1345,5,107.42999999999999,2,2,1,6
1,CCOC(=O)c1cn2c(n1)CCC2,180.20699999999994,1.0060000000000002,2,44.120000000000005,2,1,0,4
2,N#Cc1ccc(CSc2nc(=O)cc(O)[nH]2)cc1,259.29,1.6394799999999998,3,89.77000000000001,2,2,2,5
3,Fc1ccc(-c2nnnn2-c2ccc(Br)cn2)cc1,320.12500000000006,2.6259000000000006,2,56.49,3,3,0,5
4,CCc1ccc(NC(=O)c2c(C(=O)Nc3ccc(C(=O)OC)cc3)sc3nc(C)cc(=O)n23)cc1,490.5410000000002,3.918020000000002,6,118.87,4,4,2,8
5,COC(=O)C1CCC2C3CC=C4CC(O)CCC4(C)C3CCC12C,332.4840000000001,4.099300000000003,1,46.53,4,0,1,3
6,CC(=O)OC1CCC2(C)C(=CCC3C2CCC2(C)C(C(=O)O)CCC32)C1,360.49400000000014,4.581700000000004,2,63.60000000000001,4,0,1,3
7,CC(=O)OC1CCC2(C)C(=CCC3C2CCC2(C)C3CCC2C2(C)CCC(=O)O2)C1,414.5860000000003,5.592800000000006,2,52.60000000000001,5,0,0,4
8,CC(C(=O)O)C1CCC2C3CCC4CC5CCC4(C)C3(O5)C(=O)CC12C,360.49400000000014,4.066400000000003,2,63.6,6,0,1,3
9,COC(=O)CCC(C)C1CCC2C3CCC4CC(O)CCC4(C)C3CC(OC)C12C,420.63400000000024,5.220400000000006,5,55.760000000000005,4,0,1,4
10,CC12CCCCC1CCC1C2CCC2(C)C1CCC2(C)O,290.491,5.170200000000006,0,20.23,4,0,1,1
11,CC12CCC3C(CCC4CCCCC43C)C1CCC2O,276.4639999999999,4.780100000000005,0,20.23,4,0,1,1
12,CSc1nc2n(n1)C(c1ccc(C(F)(F)F)cc1)C1C(=O)CC(C)(C)CC1=N2,408.44900000000024,4.699600000000004,2,60.14,4,2,0,6
13,Cc1n[nH]c(C)c1CCC(=O)NCCc1nc2ccccc2[nH]1,311.389,2.19434,6,86.46000000000001,3,3,3,3
14,O=C(NCCCc1nnc2ccccn12)c1cc(F)ccc1-n1cnnn1,366.3600000000001,1.2066999999999997,6,102.89,4,4,1,8
15,CC(C(=O)NCCc1nc2ccccc2[nH]1)N1Cc2ccccc2C1=O,348.4060000000001,2.2661,5,78.09,4,3,2,3
16,Cc1noc2nc(-c3ccccc3)cc(C(=O)Nc3n[nH]c(CC(C)C)n3)c12,376.42000000000013,3.767120000000001,5,109.58999999999999,4,4,2,6
17,COc1ccc2cnn(CC(=O)NCCCc3nc4ccccc4[nH]3)c(=O)c2c1OC,421.45700000000016,2.0389999999999997,8,111.13000000000001,4,4,2,7
18,CCOC(=O)c1csc(NC(=O)c2ccccc2-n2cnnn2)n1,344.35600000000005,1.5477999999999994,5,111.89,3,3,1,9
19,O=C(NCc1nnc2ccccn12)c1cc(Br)ccc1-n1cnnn1,399.21200000000005,1.3975000000000002,4,102.89,4,4,1,8
20,Cc1oc2c(C)c3oc(=O)c(CCC(=O)NCCc4ccccn4)c(C)c3cc2c1C,418.4930000000001,4.459380000000004,6,85.34,4,4,1,5
21,Cn1c(Sc2ncnc3[nH]cnc23)nc2c1c(=O)n(Cc1ccc(Cl)cc1)c(=O)n2C,454.9030000000002,1.9528999999999996,4,116.28,5,5,1,10
22,Cn1c(Sc2ncnc3[nH]cnc23)nc2c1c(=O)n(Cc1ccccc1)c(=O)n2C,420.4580000000002,1.2994999999999999,4,116.28,5,5,1,10
23,Cn1c(SCCCO)nc2c1c(=O)n(Cc1ccc(Cl)cc1)c(=O)n2C,394.88400000000007,1.6098999999999999,6,82.05000000000001,3,3,1,8
24,Cn1c(=O)[nH]c(=O)c2c1nc(NCc1cccnc1)n2CCO,316.3210000000001,-0.5773000000000013,5,117.83,3,3,3,8
25,N#Cc1nc(-c2ccccc2)oc1S(=O)(=O)Cc1ccc(Cl)cc1Cl,393.2510000000001,4.493980000000002,4,83.96000000000001,3,3,0,5
26,Cc1ccc(SCC(=O)C(C#N)c2nc3ccccc3n2C)cc1,335.4320000000001,3.8503000000000025,5,58.68,3,3,0,5
27,COc1ccc(N2C(=O)c3sc4nc5ccccc5n4c3C2=O)cc1,349.3710000000001,3.358200000000002,2,63.910000000000004,5,4,0,6
28,Cc1ccc(-c2csc3ncnc(Oc4ccc5c(c4)OCO5)c23)cc1,362.41000000000014,5.187720000000003,3,53.47000000000001,5,4,0,6
29,CC(=O)c1c(C)oc2ccc(N(C(C)=O)S(=O)(=O)c3ccc(F)cc3C)cc12,403.4310000000001,4.133140000000004,4,84.66,3,3,0,5
30,Cc1ccc(NS(=O)(=O)c2cc3c4c(cccc4c2)C(=O)NC3=O)cc1,366.39800000000014,2.8326200000000004,3,92.34,4,3,2,4
31,O=S(=O)(NCCc1ccccn1)c1ccc2ccccc2c1,312.39400000000006,2.7558000000000007,5,59.06,3,3,1,3
32,O=C1C(=O)N(CCCn2ccnc2)C(c2ccccc2)C1C(=O)c1cc2ccccc2o1,427.4600000000002,3.671100000000002,7,85.41000000000001,5,4,0,6
33,COc1ccc(C2C(C(=O)c3cc4ccccc4o3)C(=O)C(=O)N2CCN2CCOCC2)cc1OC,492.5280000000004,2.7337000000000007,8,98.52,5,3,0,8
34,C=CCn1c(=O)c2c(C)c(C)sc2n2c(Nc3ccc(OC)cc3)nnc12,381.4610000000001,3.6607400000000014,5,73.45,4,4,1,8
35,Cc1cc(C)n2c(SCc3nnnn3-c3ccccc3)nnc2n1,338.40000000000003,2.00914,4,86.67999999999999,4,4,0,9
36,Cn1c(SCC(=O)c2ccc(Cl)cc2Cl)nnc1-c1cccnc1,379.2720000000001,4.158900000000003,5,60.67,3,3,0,6
37,COC(=O)CSc1nnc(-c2sc3ccccc3c2Cl)n1C,353.8560000000001,3.615300000000002,4,57.01,3,3,0,7
38,Cc1sc2ncnc(SCC(=O)c3ccc4ccccc4c3)c2c1C,364.49500000000006,5.436340000000004,4,42.85,4,4,0,5
39,Cc1sc2ncnc(Sc3nnnn3-c3ccccc3)c2c1-c1ccccc1,402.5080000000001,4.793620000000003,4,69.38,5,5,0,8
40,CCOC(=O)CCCSc1nc(N)c2c(C)c(Cc3ccccc3)sc2n1,401.5570000000001,4.608120000000004,8,78.1,3,3,1,7
41,COc1ccc(S(=O)(=O)Nc2cccnc2)cc1C(=O)O,308.3150000000001,1.5891999999999997,5,105.59000000000002,2,2,2,5
42,CN(C)CCCN1C(=O)C(=O)C(C(=O)c2ccc(Cl)cc2)C1c1ccncc1,399.87800000000004,2.6382000000000003,7,70.58000000000001,3,2,0,5
43,Cc1nc(SCC(=O)Nc2c(F)cccc2F)c2cc(-c3ccccc3)sc2n1,427.5010000000001,5.675720000000004,5,54.88,4,4,1,5
44,COc1ccc(CCNC(=O)CSc2ncnc3sc4c(c23)CCCC4)cc1,413.56800000000027,4.029700000000003,7,64.11,4,3,1,6
45,COc1ccc(CCNc2ncnc3sc(C)c(C)c23)cc1,313.4260000000001,3.9713400000000023,5,47.04,3,3,1,5
46,Cc1cccc(Oc2ncnc3sccc23)c1,242.30300000000003,3.7920200000000017,2,35.010000000000005,3,3,0,4
47,c1ccc(-c2cn3ccccc3n2)cc1,194.237,3.0013000000000005,1,17.3,3,3,0,2
48,Cc1sc2ncn3nnnc3c2c1-c1ccccc1,267.317,2.7094200000000006,1,55.97,4,4,0,6
49,O=C1c2ccccc2C(=O)N1CCSc1ncnc2sc(-c3ccccc3)cc12,417.5150000000001,4.7466000000000035,5,63.160000000000004,5,4,0,6
50,COc1cccc(Oc2ncnc3sc(-c4ccccc4)cc23)c1,334.40000000000003,5.159200000000004,4,44.24,4,4,0,5
51,COc1ccc(Nc2ncnc3sc(-c4ccccc4)cc23)cc1,333.41600000000005,5.110500000000004,4,47.04,4,4,1,5
52,COC(=O)c1c(NC(=O)CSc2ncnc3sc(-c4ccccc4)cc23)sc(C)c1C,469.6130000000002,5.554040000000003,6,81.17999999999999,4,4,1,8
53,Nc1nc2c(s1)CN(Cc1ccccc1)CC2,245.351,2.2836000000000007,2,42.15,3,2,1,4
54,COc1cc(C(C#N)N2CCCCCC2)ccc1O,260.33699999999993,2.841480000000002,3,56.489999999999995,2,1,1,4
55,Cc1nc(SCC(=O)c2ccc3c(c2)OCO3)c2c3c(sc2n1)CCC3,384.4820000000002,4.192120000000004,4,61.31,5,3,0,7
56,C=CCn1c(SCc2ccc3c(c2)OCO3)nc2sc(C)c(C)c2c1=O,386.49800000000016,4.281840000000003,5,53.35,4,3,0,7
57,COc1ccc(C(=O)CSc2nc(=O)cc(O)[nH]2)cc1OC,322.34200000000004,1.4676999999999998,6,101.51,2,2,2,7
58,Cc1nc(NCCc2ccccc2)c2c3c(sc2n1)CCC3,309.4380000000001,4.143020000000003,4,37.81,4,3,1,4
59,Cc1nc(NCCc2ccccc2)c2c3c(sc2n1)CCCC3,323.46500000000015,4.533120000000003,4,37.81,4,3,1,4
60,Cc1sc2ncnc(Sc3nnnn3-c3ccccc3)c2c1C,340.43700000000007,3.4350400000000016,3,69.38,4,4,0,8
61,Cc1oc2cc(O)ccc2c(=O)c1Oc1ccc(C(=O)O)cc1,312.277,3.2975200000000013,3,96.97000000000001,3,3,2,5
62,N#Cc1c(N)sc2c1CCN(Cc1ccccc1)C2,269.373,2.7602800000000016,2,53.050000000000004,3,2,1,4
63,COc1cc(C(CC(=O)c2ccc(Cl)cc2)SCCO)cc(OC)c1OC,410.91900000000027,4.405400000000005,10,64.99000000000001,2,2,1,6
64,O=c1[nH]c2c(c(=O)[nH]1)CN(Cc1ccccc1)CC2,257.293,0.6214999999999993,2,68.96,3,2,2,3
65,COC(=O)c1ccnc2c1CN(Cc1ccccc1)CC2,282.3430000000001,2.4265000000000008,3,42.43,3,2,0,4
66,COC(=O)c1cc(Cl)nc2c1CN(Cc1ccccc1)CC2,316.78800000000007,3.079900000000001,3,42.43,3,2,0,4
67,CNCc1cc(=O)[nH]c2ccccc12,188.23,1.2474999999999998,2,44.89,2,2,2,2
68,Cc1csc(NC(=O)c2cc(-c3cccs3)nc3c2cnn3C(C)C)n1,383.5020000000001,4.757920000000003,4,72.7,4,4,1,7
69,Cc1cc(C)n(-c2ccc3nnc(CCCC(=O)Nc4cc(F)c(F)c(F)c4)n3n2)n1,429.40600000000006,3.3055400000000015,6,90.0,4,4,1,7
70,NC(=O)CSc1oc(-c2ccco2)nc1S(=O)(=O)c1ccc(Cl)cc1,398.84900000000016,2.9982000000000015,6,116.4,3,3,1,7
71,COc1ccccc1NC(=O)CSc1oc(-c2ccc(F)cc2)nc1S(=O)(=O)c1ccccc1,498.55700000000013,5.052900000000004,8,98.5,4,4,1,7
72,CCCS(=O)(=O)c1nc(S(=O)(=O)c2ccc(C)cc2)c(NCc2ccco2)s1,440.56800000000015,3.6731200000000026,8,106.33999999999999,3,3,1,8
73,CNc1oc(-c2ccco2)nc1S(=O)(=O)c1ccccc1,304.327,2.809100000000001,4,85.34,3,3,1,6
74,O=C(CSc1nc2ccccc2c2nnnn12)NCc1cccc(Cl)c1,384.8520000000001,2.734400000000001,5,85.07,4,4,1,7
75,O=C(CSc1nc2ccccc2c2nnnn12)NCC(=O)Nc1ncns1,401.4370000000001,0.37099999999999944,6,139.95,4,4,2,11
76,Cc1cccc(NC(=O)CSc2nc3c4ccccc4ncn3n2)c1,349.41900000000004,3.316720000000001,4,72.18,4,4,1,6
77,COc1ccc(-c2nonc2NC(=O)c2ccc(Cl)cc2Cl)cc1,364.1880000000001,4.304300000000002,4,77.25,3,3,1,5
78,Cc1cc(C)c2oc(C(=O)N(Cc3ccc(C)o3)C3CCS(=O)(=O)C3)c(C)c2c1,415.51100000000025,4.088980000000004,4,80.73,4,3,0,5
79,CCc1ccc(OC(C)C(=O)Nc2nonc2-c2ccc(OC)cc2)cc1,367.4050000000001,3.7136000000000022,7,86.48,3,3,1,6
80,Cc1c(C(=O)N(Cc2ccco2)C2CCS(=O)(=O)C2)oc2ccccc12,373.4300000000001,3.1637200000000014,4,80.73,4,3,0,5
81,Cc1ccc(O)c(-c2[nH]nc3c2C(c2ccccc2F)N(Cc2ccco2)C3=O)c1,403.4130000000002,4.568220000000003,4,82.35999999999999,5,4,2,4
82,O=C1C(=O)N(c2nc3ccc(F)cc3s2)C(c2cccnc2)C1C(=O)c1ccc2c(c1)OCCO2,489.48400000000026,3.7577000000000025,4,98.69000000000001,6,4,0,8
83,O=C1c2[nH]nc(-c3ccccc3O)c2C(c2ccccc2F)N1Cc1ccncc1,400.4130000000001,4.0618000000000025,4,82.11,5,4,2,4
84,c1ccc2c(Cn3c(CN4CCOCC4)nc4ccccc43)cccc2c1,357.457,4.070000000000003,4,30.29,5,4,0,4
85,Cc1ccccc1OCCCn1c(CCO)nc2ccccc21,310.397,3.348620000000002,7,47.28,3,3,1,4
86,OCCc1nc2ccccc2n1CCCOc1ccccc1Cl,330.81499999999994,3.6936000000000027,7,47.28,3,3,1,4
87,C=CCN1CC(c2nc3ccccc3n2Cc2ccc3ccccc3c2)CC1=O,381.47900000000016,4.7397000000000045,5,38.13,5,4,0,3
88,C=CCN1CC(c2nc3ccccc3n2CCCOc2cc(C)ccc2C)CC1=O,403.52600000000024,4.624140000000004,8,47.36,4,3,0,4
89,C=CCN1CC(c2nc3ccccc3n2Cc2ccc(Cl)c(Cl)c2)CC1=O,400.30900000000014,4.8933000000000035,5,38.13,4,3,0,3
90,C#CCn1c(C2CC(=O)N(Cc3ccc(F)cc3)C2)nc2ccccc21,347.39300000000003,3.3247000000000018,4,38.13,4,3,0,3
91,O=C1CC(c2nc3ccccc3[nH]2)CN1Cc1ccc(F)cc1,309.344,3.2181000000000015,3,48.99,4,3,1,2
92,Cc1cccc(C)c1OCCn1c(C2CC(=O)N(C(C)(C)C)C2)nc2ccccc21,405.54200000000014,4.8465400000000045,5,47.36,4,3,0,4
93,CC(C)(C)N1CC(c2nc3ccccc3n2CCOc2ccc(Cl)cc2)CC1=O,411.93300000000016,4.883100000000004,5,47.36,4,3,0,4
94,COc1ccc(CCNC(=O)c2c(N)n(CCc3ccc(F)cc3)c3nc4ccccc4nc23)cc1,483.54700000000014,4.529600000000003,8,95.06,5,5,2,6
95,Cc1cc(C)c(S(=O)(=O)Nc2c(C)cccc2C)cc1N(C)S(=O)(=O)c1ccccc1,458.6050000000002,4.546180000000004,6,83.55000000000001,3,3,1,4
96,CNS(=O)(=O)c1ccc2c(c1)C(=NO)c1cc(S(=O)(=O)NC)ccc1-2,381.43500000000006,0.7097999999999997,4,124.93,3,2,3,6
97,CCCCNS(=O)(=O)c1ccc2c(c1)C(=NO)c1cc(S(=O)(=O)NCCCC)ccc1-2,465.59700000000026,3.0504000000000016,10,124.93,3,2,3,6
98,Cc1ccccc1OCC(=O)Nc1ccnc2cc(C(F)(F)F)ccc12,360.33500000000004,4.579520000000003,4,51.22,3,3,1,3
99,Cc1ccc(C)c(NC(=O)Cn2nnc(-c3ccc(Cl)cc3)n2)c1,341.802,3.249040000000001,4,72.7,3,3,1,5
100,O=C(c1ccc2noc(-c3ccccc3)c2c1)N1CCCc2ccccc21,354.40900000000016,5.087800000000004,2,46.34,5,4,0,3
101,Fc1ccc(-c2cn3cc(Cc4ccccc4F)sc3n2)cc1,326.37100000000004,4.931800000000002,3,17.3,4,4,0,3
102,Cc1cccc(OCc2nnc3sc(-c4ccncc4)nn23)c1,323.38100000000003,3.1352200000000012,4,65.2,4,4,0,7
103,COc1ccc(-c2nn3c(COc4cccc(C)c4)nnc3s2)cc1OC,382.4450000000001,3.7574200000000024,6,70.77000000000001,4,4,0,8
104,Cc1ccc(-n2c(N)c(C(=O)OCC(C)C)c3nc4ccccc4nc32)cc1,374.4440000000001,4.277120000000003,4,83.03,4,4,1,6
105,O=C(Nc1cccc(F)c1)c1cccc([N+](=O)[O-])c1C(=O)O,304.23300000000006,2.6844,4,109.54,2,2,2,4
106,CC(=O)NCCc1nc2ccccc2n1Cc1ccc2ccccc2c1,343.43000000000006,3.916400000000003,5,46.92,4,4,1,3
107,Cc1oc2cc3oc(=O)c(CC(=O)NCc4ccco4)c(C)c3cc2c1-c1ccccc1,427.45600000000013,5.274940000000004,5,85.59,5,5,1,5
108,COc1ccc(CNC(=O)Cc2c(C)c3c(cc(C)c4c(C)coc43)oc2=O)cc1OC,435.4760000000002,4.3405600000000035,6,90.91000000000001,4,4,1,6
109,Cc1ccc(CNC(=O)Cc2c(C)c3c(cc(C)c4c(C)coc43)oc2=O)cc1,389.45100000000014,4.6317800000000044,4,72.45,4,4,1,4
110,Cc1oc2cc3oc(=O)c(CC(=O)NCCc4ccccc4F)c(C)c3cc2c1C,407.4410000000001,4.504960000000004,5,72.45,4,4,1,4
111,COc1cccc(CNC(=O)Cc2c(C)c3cc4c(C)c(C)oc4cc3oc2=O)c1,405.45000000000016,4.331960000000003,5,81.68,4,4,1,5
112,Cc1oc2c(C)c3oc(=O)c(CC(=O)NCc4ccco4)c(C)c3cc2c1C,379.41200000000015,4.2247800000000035,4,85.59,4,4,1,5
113,Cc1cc(O)c2c(C)c(CC(=O)NCc3cccc(Cl)c3)c(=O)oc2c1,371.82000000000005,3.627740000000002,4,79.54,3,3,2,4
114,CCN(CC)CCN1C(=O)C(=O)C(C(=O)c2cc3cccc(OC)c3o2)C1c1cccc(OC)c1,478.54500000000024,3.7433000000000023,10,89.29,4,3,0,7
115,CCNC(=O)c1cc2c(=O)n3ccccc3nc2n(Cc2cccnc2)c1=N,374.4040000000001,1.3216700000000001,4,105.14000000000001,4,4,2,7
116,COc1cccc(C2C(C(=O)c3c(C)nc4ccccn34)C(=O)C(=O)N2CCN2CCOCC2)c1,476.53300000000036,1.9350199999999995,7,93.44999999999999,5,3,0,8
117,Cc1ccc(C2C(C(=O)c3c(C)nc4ccccn34)C(=O)C(=O)N2CCN(C)C)o1,408.45800000000025,2.0572399999999997,6,88.13,4,3,0,7
118,Cc1nc2ccccn2c1C(=O)C1C(=O)C(=O)N(CCCn2ccnc2)C1c1ccc(F)cc1,459.4810000000001,3.0201200000000012,7,89.57000000000001,5,4,0,7
119,CCN(CC)CCCN1C(=O)C(=O)C(C(=O)c2c(C)nc3ccccn23)C1c1ccc(C(C)C)cc1,488.6320000000002,4.449520000000003,10,74.99000000000001,4,3,0,6
120,Cc1ccc(C2C(C(=O)c3sc(C)nc3C)C(=O)C(=O)N2CCCN(C)C)o1,403.50400000000025,2.56456,7,83.71999999999998,3,2,0,7
121,O=C1C(=O)N(CCN2CCOCC2)C(c2ccccn2)C1C(=O)c1cc2ccccc2o1,433.46400000000017,2.1114999999999995,6,92.95,5,3,0,7
122,Cc1nc2ccccn2c1C(=O)C1C(=O)C(=O)N(CCCN(C)C)C1c1ccc(Cl)cc1,452.9420000000001,3.199320000000002,7,74.99,4,3,0,6
123,N=c1c(C(=O)NCC2CCCO2)cc2c(=O)n3ccccc3nc2n1Cc1ccco1,419.44100000000014,1.678769999999999,5,114.61999999999999,5,4,2,8
124,CN1C(=O)c2cccc3c(S(=O)(=O)Nc4ccccn4)ccc1c23,339.37600000000003,2.6256000000000004,3,79.37,4,3,1,4
125,Cc1ccccc1NS(=O)(=O)c1ccc2c3c(cccc13)C(=O)N2C,352.4150000000001,3.5390200000000016,3,66.48,4,3,1,3
126,O=c1c2c3nc4ccccc4nc3n(CCc3ccccc3)c2ncn1Cc1ccco1,421.4600000000001,4.178400000000003,5,78.74,6,6,0,7
127,COc1cc(NS(=O)(=O)c2ccc3c4c(cccc24)C(=O)N3C)cc(OC)c1,398.44000000000017,3.2478000000000016,5,84.94,4,3,1,5
128,COc1ccc(N(C(=O)C(C)C)S(=O)(=O)c2cccs2)cc1,339.438,3.1346000000000016,5,63.68,2,2,0,5
129,COc1ccc(OC)c(S(=O)(=O)Nc2cc(Cl)ccc2O)c1,343.788,2.863600000000001,5,84.86,2,2,2,5
130,Fc1ccc(-n2ncc3c(SCCOc4ccccc4)ncnc32)cc1,366.42100000000005,4.125700000000003,6,52.83,4,4,0,6
131,Cc1ccc(N(C)C(=O)Oc2ccc3ccccc3c2)cc1,291.35,4.783420000000003,2,29.540000000000003,3,3,0,2
132,O=C(O)CCCN1C(=O)c2cccc3c(O)ccc(c23)C1=O,299.2820000000001,2.0061999999999998,4,94.91,3,2,2,4
133,O=S(=O)(NC12CC3CC(CC(C3)C1)C2)c1cccc(C(F)(F)F)c1,359.41299999999995,3.9525000000000032,3,46.17,5,1,1,2
134,O=S(=O)(NC1CCCCC1)c1ccc(Cl)c(C(F)(F)F)c1,341.782,3.969800000000003,3,46.17,2,1,1,2
135,O=S(=O)(NC12CC3CC(CC(C3)C1)C2)c1ccc(Cl)c(C(F)(F)F)c1,393.858,4.605900000000004,3,46.17,5,1,1,2
136,COc1ccc(S(=O)(=O)N(C(=O)c2ccc(Cl)cc2)c2ccc3oc(C)c(C(C)=O)c3c2)cc1,497.95600000000024,5.641520000000004,6,93.89000000000001,4,4,0,6
137,CC1=Nc2nc(CCCO)nn2C(c2ccc(Cl)cc2Cl)C1C(N)=O,382.25100000000015,2.3066999999999998,5,106.39000000000001,3,2,2,6
138,CC1=Nc2nc(CCCO)nn2C(c2ccccc2F)C1C(N)=O,331.3510000000001,1.1389999999999998,5,106.39000000000001,3,2,2,6
139,O=C(O)CS(=O)c1ccc(C(F)(F)F)cc1[N+](=O)[O-],297.21000000000004,1.8058000000000003,4,97.50999999999999,1,1,1,4
140,N#Cc1nc(-c2ccc(Cl)cc2)oc1NC1CCCCC1,301.77700000000016,4.6112800000000025,3,61.85,3,2,1,4
141,Cc1ccc(-c2nc(C#N)c(NC3CCCCC3)o2)cc1,281.3589999999999,4.266300000000003,3,61.85,3,2,1,4
142,N#Cc1nc(-c2ccccc2)oc1NC1CCCCC1,267.33199999999994,3.957880000000002,3,61.85,3,2,1,4
143,COc1cc2c(cc1OC)C(c1ccc(O)cc1)NCC2,285.3430000000001,2.6445000000000007,3,50.72,3,2,2,4
144,COc1ccc(C(=O)CSc2nc(=O)cc(C)[nH]2)cc1C,304.371,2.3703400000000006,5,72.05,2,2,1,5
145,COc1ccc(C(=O)CSc2nc(=O)c3c(C)cc(C)nc3[nH]2)cc1,355.41900000000004,2.918540000000001,5,84.94,3,3,1,6
146,Cc1csc2nc(CSc3nnnn3-c3ccccc3)c(Br)n12,407.32200000000006,3.734720000000002,4,60.900000000000006,4,4,0,8
147,Cc1ccc(NC(=O)CSc2nnc3cc(-c4ccccc4)nc(C)n23)cc1,389.4840000000001,4.1389400000000025,5,72.18,4,4,1,6
148,Cc1nc2c(c(NC3CCCCC3)n1)CCC2,231.3429999999999,3.018320000000002,2,37.81,3,1,1,3
149,Cc1ccc(-c2csc3ncnc(Nc4cccc(C(=O)O)c4)c23)cc1,361.42600000000016,5.108520000000003,4,75.11,4,4,2,5
150,C=CCNC1CS(=O)(=O)CC1S(=O)(=O)c1cc(C)c(OC)cc1C,373.49600000000015,1.0269400000000006,6,89.54,2,1,1,6
151,COc1ccc(C)cc1S(=O)(=O)C1CS(=O)(=O)CC1NCc1ccccc1C,423.55600000000015,2.0411399999999995,6,89.54,3,2,1,6
152,CSc1nc(NC2CCCC2)c(C#N)c(-c2ccccc2)n1,310.426,4.091680000000003,4,61.6,3,2,1,5
153,CSc1nc(NC2CCS(=O)(=O)C2)c(C#N)c(-c2ccc(C)cc2)n1,374.4910000000001,2.6446000000000005,4,95.74,3,2,1,7
154,CCC(CO)Nc1nc(SC)nc(-c2ccc(Cl)cc2)c1C#N,348.8590000000001,3.573380000000002,6,81.83,2,2,2,6
155,CCC(CO)Nc1nc(SC)nc(-c2ccc(C(C)(C)C)cc2)c1C#N,370.52200000000016,4.217480000000004,6,81.83,2,2,2,6
156,CSc1nc(NCC(C)O)c(C#N)c(-c2ccc(C(C)(C)C)cc2)n1,356.4950000000001,3.8273800000000033,5,81.83,2,2,2,6
157,C=CCN1C(=O)COc2ccc(-c3nc(NC(=O)COC)sc3C)cc21,373.43400000000014,2.614820000000001,6,80.76,3,2,1,6
158,C=CCN1C(=O)COc2ccc(-c3nc(NC(C)=O)sc3C)cc21,343.4080000000001,2.9883200000000016,4,71.53,3,2,1,5
159,COc1ccc(NC(=O)CSc2cn[nH]c(=O)n2)cc1OC,322.34600000000006,0.9128999999999997,6,106.19999999999999,2,2,2,7
160,NS(=O)(=O)c1ccc(NC(=O)CSc2cn[nH]c(=O)n2)cc1,341.374,-0.45689999999999986,5,147.89999999999998,2,2,3,7
161,CCOC(=O)c1sc(NC(=O)CSc2[nH]c(=O)nnc2C)nc1C,369.42800000000017,1.1457400000000002,6,126.92999999999999,2,2,2,9
162,CC(=O)Nc1ccc(S(=O)(=O)N2CCc3cc4cccc(C)c4nc32)cc1,381.45700000000005,3.253020000000002,3,79.37,4,3,1,4
163,COc1cc(C)c(C)cc1S(=O)(=O)N1CCc2cc3cccc(C)c3nc21,382.48500000000007,3.920060000000003,3,59.50000000000001,4,3,0,4
164,COc1ccc(S(=O)(=O)N2CCc3cc4cccc(C)c4nc32)c(OC)c1,384.45700000000016,3.3118200000000018,4,68.73,4,3,0,5
165,Cc1cccc2cc3c(nc12)N(S(=O)(=O)c1ccc(C(C)C)cc1)CC3,366.48600000000016,4.418020000000004,3,50.27,4,3,0,3
166,COc1ccc(C(=O)N2CCc3cc4cccc(C)c4nc32)cc1,318.37600000000003,3.7547200000000025,2,42.43,4,3,0,3
167,O=S(=O)(Cc1ccc(Cl)cc1)N1CCc2cc3ccccc3nc21,358.8500000000001,3.780700000000003,3,50.27,4,3,0,3
168,COC(=O)c1ccc(CSc2nc(=O)c(CCO)c(C)[nH]2)cc1,334.397,1.6920199999999999,6,92.28,2,2,2,6
169,CC(=O)c1sc(NC(=O)CSc2nc(=O)c(CCO)c(C)[nH]2)nc1C,382.46700000000016,1.3114399999999997,7,125.04,2,2,3,8
170,CCN1C(=O)COc2ccc(-c3nc(NC(C)=O)sc3C)cc21,331.39700000000005,2.8222200000000015,3,71.53,3,2,1,5
171,CCOC(=O)c1sc(-c2ccc(F)cc2)nc1C,265.309,3.4343200000000023,3,39.19,2,2,0,4
172,CSc1nc(NCCCO)c(C#N)c(-c2ccc(C(C)(C)C)cc2)n1,356.4950000000001,3.828980000000003,6,81.83,2,2,2,6
173,CSc1nc(NCCO)c(C#N)c(-c2ccc(C(C)(C)C)cc2)n1,342.4680000000001,3.438880000000002,5,81.83,2,2,2,6
174,O=C(CSc1nnc2ccc3ccccc3n12)c1cc2ccccc2o1,359.41000000000014,4.6037000000000035,4,60.400000000000006,5,5,0,6
175,O=C(CSc1nnc2cc(-c3ccccc3)ncn12)Nc1ccccc1,361.43000000000006,3.522100000000001,5,72.18,4,4,1,6
176,O=C(O)c1nc(NCCCO)c2ccccc2n1,247.25400000000002,1.1222999999999999,5,95.34,2,2,3,5
177,O=C(O)c1nc(NC2CCCCC2)c2ccccc2n1,271.32,3.0726000000000013,3,75.11,3,2,2,4
178,Cc1ccn2cc(-c3ccc(-c4ccccc4)cc3)nc2c1,284.362,4.976720000000004,2,17.3,4,4,0,2
179,CC(NC(=O)CSc1cn[nH]c(=O)n1)c1ccccc1,290.348,1.1343999999999996,5,87.74,2,2,2,5
180,Cc1ccc(NC(=O)CSc2cn[nH]c(=O)n2)cc1C,290.34800000000007,1.51254,4,87.74,2,2,2,5
181,Cc1n[nH]c(=O)nc1SCC(=O)Nc1cc(C(F)(F)F)ccc1Cl,378.76300000000003,2.8763200000000007,4,87.74000000000001,2,2,2,5
182,Cc1n[nH]c(=O)nc1SCC(=O)NCc1ccco1,280.30899999999997,0.4748199999999994,5,100.88000000000001,2,2,2,6
183,CCCOC(=O)c1ccc(NC(=O)CSc2[nH]c(=O)nnc2C)cc1,362.41100000000006,1.7709199999999998,7,114.03999999999999,2,2,2,7
184,Cc1nnc(NN=Cc2ccncc2)nc1NN=Cc1ccncc1,333.3590000000001,1.8620199999999996,6,113.23,3,3,2,9
185,O=c1cn[nH]c(NC2CCCC2)n1,180.21099999999996,0.5193999999999994,2,70.67,2,1,2,4
186,CCCc1cc(=O)n2c(C(=O)Nc3cccc(C)c3)c(C(=O)Nc3ccc(Cl)cc3C)sc2n1,495.00400000000025,5.483340000000004,6,92.57000000000001,4,4,2,6
187,COc1ccc(C(=O)Cn2c3ccccc3c3nc4ccccc4nc32)cc1,367.4080000000001,4.6292000000000035,4,57.010000000000005,5,5,0,5
188,Cc1ccc(Cl)cc1NC(=O)C(C)n1cnc2sc(-c3ccccc3)cc2c1=O,423.9250000000002,5.286520000000004,4,63.99,4,4,1,5
189,Brc1ccc2ncnc(NC3CCCCCC3)c2c1,320.2340000000001,4.527000000000003,2,37.81,3,2,1,3
190,Fc1ccc(-c2cn3ccccc3n2)cc1,212.22700000000003,3.1404000000000005,1,17.3,3,3,0,2
191,Brc1ccc2ncnc(NC3CCCC3)c2c1,292.18,3.746800000000002,2,37.81,3,2,1,3
192,c1ccc2c(NC3CCCCCC3)ncnc2c1,241.33799999999997,3.7645000000000026,2,37.81,3,2,1,3
193,COc1ccc(CCNC(=O)Cn2cnc3sc(C(N)=O)c(C)c3c2=O)cc1OC,430.4860000000003,1.2414199999999995,8,125.54,3,3,2,8
194,Cc1[nH]c2ccc(Br)cc2c(=O)c1CN1CCc2ccccc2C1,383.28900000000016,4.157320000000002,2,36.1,4,3,1,2
195,Cc1[nH]c2ccccc2c(=O)c1CN1CCc2ccccc2C1,304.393,3.394820000000002,2,36.1,4,3,1,2
196,CCN1CCN(Cc2c(C)[nH]c3ccc(N(CC)CC)cc3c2=O)CC1,356.51400000000024,2.820220000000001,6,42.58,3,2,1,4
197,Cc1[nH]c2ccc(F)cc2c(=O)c1CN1CCc2ccccc2C1,322.383,3.533920000000002,2,36.1,4,3,1,2
198,O=c1c2cc(-c3ccccc3)sc2ncn1CCOc1ccccc1,348.427,4.204000000000002,5,44.120000000000005,4,4,0,5
199,O=C(Cn1cnc2sc(-c3ccccc3)cc2c1=O)Nc1cc(C(F)(F)F)ccc1Cl,463.86800000000005,5.435900000000003,4,63.99,4,4,1,5
200,O=C(Cn1cnc2sc(-c3ccccc3)cc2c1=O)Nc1ccccc1,361.42600000000004,3.763700000000002,4,63.99,4,4,1,5
201,O=C(Cn1cnc2sc(-c3ccccc3)cc2c1=O)NCc1ccco1,365.4140000000001,3.0344000000000007,5,77.13,4,4,1,6
202,Nc1cc(=O)[nH]c(SCc2ccccc2CSc2nc(=O)cc(N)[nH]2)n1,388.4780000000001,1.6021999999999996,6,143.54000000000002,3,3,4,8
203,COCCOC(=O)Cn1nnc2sc(-c3ccccc3)cc2c1=O,345.3800000000001,1.7095999999999998,6,83.31,3,3,0,8
204,O=C(Cn1nnc2sc(-c3ccccc3)cc2c1=O)NCCc1ccccc1,390.46800000000013,2.8789000000000016,6,76.88,4,4,1,6
205,O=C(Cn1nnc2sc(-c3ccccc3)cc2c1=O)NCc1ccccc1,376.4410000000001,2.836400000000001,5,76.88,4,4,1,6
206,O=C(Cn1nnc2sc(-c3ccccc3)cc2c1=O)Nc1ccccc1,362.41400000000004,3.1587000000000014,4,76.88,4,4,1,6
207,O=C(Cn1nnc2sc(-c3ccccc3)cc2c1=O)NCc1ccco1,366.4020000000001,2.4294000000000002,5,90.02,4,4,1,7
208,Nc1c(C(=O)NCc2ccccc2)c2nc3ccccc3nc2n1Cc1ccco1,397.43800000000016,3.738000000000002,5,98.97000000000001,5,5,2,6
209,O=C(NCCO)c1nc(NCCO)c2ccccc2n1,276.296,-0.24390000000000045,6,107.37,2,2,4,6
210,O=C(NCc1ccccc1)c1nc(NCc2ccccc2)c2ccccc2n1,368.44000000000005,4.171900000000003,6,66.91,4,4,2,4
211,O=C(Nc1ccccc1)c1nc(Nc2ccccc2)c2ccccc2n1,340.3860000000001,4.625700000000003,4,66.91,4,4,2,4
212,CCOC(=O)c1cnc2c(C)c(C)ccc2c1NCc1ccccc1,334.41900000000004,4.6404400000000035,5,51.22,3,3,1,4
213,CC1CCc2c(sc3ncnc(NCCc4nc5ccccc5[nH]4)c23)C1,363.4900000000001,4.347000000000002,4,66.49000000000001,5,4,2,5
214,CCOC(=O)c1sc2ncnc(Nc3ccc(OC)cc3)c2c1C,343.40800000000013,3.928620000000002,5,73.34,3,3,1,7
215,COC(=O)C(C)Oc1ccc2c(=O)c(Oc3cc(C)cc(C)c3C)coc2c1,382.41200000000015,4.450860000000004,5,74.97,3,3,0,6
216,CCOC(=O)c1sc2ncn(CC(=O)NC3CCCCC3)c(=O)c2c1C,377.4660000000003,2.3920200000000005,5,90.28999999999999,3,2,1,7
217,O=C(Cn1cnc2sc(-c3ccccc3)cc2c1=O)NC1CCCCC1,367.4740000000002,3.573900000000002,4,63.99,4,3,1,5
218,CCOC(=O)c1cnc2ccc(F)cc2c1NCCc1ccc(OC)c(OC)c1,398.4340000000002,4.222400000000003,8,69.68,3,3,1,6
219,CCOC(=O)c1cnc2ccc(F)cc2c1Nc1ccc(C(C)=O)cc1,352.3650000000001,4.496800000000003,5,68.28999999999999,3,3,1,5
220,CCOC(=O)c1cnc2ccc(F)cc2c1NCc1cccnc1,325.343,3.5577000000000014,5,64.11,3,3,1,5
221,CCOC(=O)c1nc(Nc2ccc(OC(C)C)cc2)c2ccccc2n1,351.40600000000006,4.3373000000000035,6,73.34,3,3,1,6
222,CCOC(=O)c1nc(Nc2ccc(Br)cc2)c2ccccc2n1,372.2220000000001,4.312600000000003,4,64.11,3,3,1,5
223,CCOC(=O)c1nc(Nc2ccc(C)cc2)c2ccccc2n1,307.35300000000007,3.858520000000002,4,64.11,3,3,1,5
224,CCOC(=O)c1cnc2ccc(Cl)cc2c1Nc1cc(Cl)ccc1O,377.2270000000001,5.167500000000004,4,71.45,3,3,2,5
225,CC(O)C(Nc1ncnc2ccc(Br)cc12)C(=O)O,326.1500000000001,1.6381999999999999,4,95.34,2,2,3,5
226,CCOc1ccccc1NC(=O)Cn1cnc2sc(-c3ccccc3)cc2c1=O,405.4790000000001,4.1624000000000025,6,73.22,4,4,1,6
227,COC(=O)c1sc2ncn(Cc3cccc(Cl)c3)c(=O)c2c1C,348.81100000000015,3.2547200000000025,3,61.19,3,3,0,6
228,COC(=O)c1sc2ncn(Cc3cccc(C)c3)c(=O)c2c1C,328.39300000000014,2.909740000000001,3,61.19,3,3,0,6
229,CCOC(=O)c1sc2ncn(CC(=O)Nc3ccc(Cl)cc3C)c(=O)c2c1C,419.8900000000002,3.5436400000000017,5,90.28999999999999,3,3,1,7
230,Cc1sc2ncnc(SCCc3ccccc3)c2c1C,300.45200000000006,4.642940000000003,4,25.78,3,3,0,4
231,CC(=O)C(C)Sc1ncnc2sc3c(c12)CCC(C)C3,306.4560000000001,3.8857000000000035,3,42.85,3,2,0,5
232,CCOC(=O)c1csc(NN=Cc2ccc(Cl)cc2)n1,309.778,3.419200000000002,5,63.58,2,2,1,6
233,O=C1c2sc3nc4ccccc4n3c2C(=O)N1c1cc(Cl)ccc1Cl,388.2350000000001,4.656400000000001,1,54.68000000000001,5,4,0,5
234,Cc1nnc(SCCSc2nnc(C)n2N)n1N,286.39000000000004,-0.20155999999999963,5,113.46,2,2,2,10
235,CCOC(=O)c1cnc2c(ccc3ccccc32)c1NCCOC(=O)c1ccc(C)cc1,428.4880000000002,5.142020000000004,7,77.52000000000001,4,4,1,6
236,Cc1[nH]c2ccc(Br)cc2c(=O)c1CN1CCC(C)CC1,349.27200000000016,3.8309200000000025,2,36.1,3,2,1,2
237,CCOC(=O)c1cnc2ccc(C(=O)OC)cc2c1NCCO,318.32900000000006,1.6022999999999998,6,97.75,2,2,2,7
238,CC(Nc1ncnc2ccc(Br)cc12)c1ccccc1,328.213,4.565400000000003,3,37.81,3,3,1,3
239,OCCCCCNc1ncnc2ccc(Br)cc12,310.19500000000005,2.966800000000001,6,58.04,2,2,2,4
240,CC1CCc2c(sc3ncn4c(CCc5ccccc5)nnc4c23)C1,348.4750000000001,4.249000000000002,3,43.08,5,4,0,5
241,COc1ccc(-c2csc3ncn(CC(=O)NCc4ccco4)c(=O)c23)cc1,395.44000000000017,3.043000000000001,6,86.36000000000001,4,4,1,7
242,CCOC(=O)c1sc2ncn(Cc3ccc(Cl)cc3Cl)c(=O)c2c1C,397.28300000000013,4.298220000000003,4,61.19,3,3,0,6
243,CCC(C)OC(=O)C(C)n1cnc2sc(-c3ccccc3)cc2c1=O,356.44700000000006,4.027700000000003,5,61.190000000000005,3,3,0,6
244,CCOC(=O)c1cnc2c(C)cc(C)cc2c1Nc1ccc(OC)c(OC)c1,380.44400000000013,4.789140000000004,6,69.68,3,3,1,6
245,Cc1ccc2[nH]c(-c3ccccc3)c(CN3CCN(C)CC3)c(=O)c2c1,347.46200000000016,3.2509200000000016,3,39.34,4,3,1,3
246,Cc1ccc2[nH]c(-c3ccccc3)c(CN3CCOCC3)c(=O)c2c1,334.41900000000015,3.335720000000001,3,45.33,4,3,1,3
247,CCOC(=O)c1c(N)n(-c2ccc(C)c(Cl)c2)c2nc3ccccc3nc12,380.83500000000015,4.294420000000002,3,83.03,4,4,1,6
248,O=C(CSc1ncnc2sc3c(c12)CCCC3)c1ccco1,330.434,4.138100000000003,4,55.99,4,3,0,6
249,Cc1sc2ncnc(N3CCN(Cc4ccccc4)CC3)c2c1C,338.48000000000013,3.630340000000003,3,32.260000000000005,4,3,0,5
250,CCOC(=O)c1nn(-c2ccc(Br)cc2)cc1O,311.13500000000005,2.5171000000000014,3,64.35,2,2,1,5
251,CCOC(=O)c1nn(-c2ccc(Cl)cc2)cc1O,266.684,2.408000000000001,3,64.35,2,2,1,5
252,O=C(O)CCc1nc2ccccc2[nH]c1=O,218.21200000000002,0.9402999999999999,3,83.04999999999998,2,2,2,3
253,O=C1C(=NC2CCCCC2)C(Cl)C(=O)N1c1cccc(C(F)(F)F)c1,372.774,3.9597000000000024,2,49.74,3,1,0,3
254,CCOC(=O)c1cnc2ccc(C)cc2c1NCCc1ccccc1,334.41900000000004,4.374520000000003,6,51.22,3,3,1,4
255,CCOC(=O)c1c(NC(=O)COc2ccccc2Br)sc2c1CCCC2,438.3430000000002,4.583600000000004,6,64.63,3,2,1,5
256,CCOC(=O)c1cnc2c(ccc3ccccc32)c1NCc1cccnc1,357.41300000000007,4.571800000000003,5,64.11,4,4,1,5
257,Cn1c(=O)c2c(nc3n(-c4ccccc4)c(-c4ccc(O)c(Cl)c4)cn23)n(C)c1=O,421.84400000000016,2.701600000000001,2,86.45999999999998,5,5,1,8
258,Brc1ccc2ncnc(NC3CCCCC3)c2c1,306.20700000000005,4.1369000000000025,2,37.81,3,2,1,3
259,Cc1csc(NN=Cc2ccc(C(F)(F)F)cc2)n1,285.294,3.9163200000000016,3,37.28,2,2,1,4
260,COCCCn1c(C(=O)NCc2ccccc2Cl)cc2c(=O)n3ccccc3nc21,424.88800000000015,3.2691000000000017,7,77.63,4,4,1,6
261,Cc1ccc(Cl)cc1-n1ncc2c1ncn1c(-c3ccccc3O)nnc21,376.8070000000001,3.7976200000000024,2,81.13000000000001,5,5,1,7
262,Cc1ccc(-c2nnc3c4cnn(-c5ccccc5Cl)c4ncn23)cc1,360.8080000000001,4.092020000000002,2,60.900000000000006,5,5,0,6
263,Cc1ccccc1-n1ncc2c1ncn1c(-c3ccccc3O)nnc21,342.3620000000001,3.144220000000001,2,81.13000000000001,5,5,1,7
264,COc1ccc(-c2nnc3c4cnn(-c5ccccc5C)c4ncn23)c(O)c1,372.38800000000015,3.152820000000002,3,90.36,5,5,1,8
265,Cc1ccc(-n2ncc3c2ncn2c(-c4cccc([N+](=O)[O-])c4)nnc32)c(C)c1,385.38700000000017,3.655240000000002,3,104.04,5,5,0,8
266,Cc1ccc(-n2ncc3c2ncn2c(-c4ccccc4Cl)nnc32)c(C)c1,374.8350000000001,4.400440000000003,2,60.900000000000006,5,5,0,6
267,Oc1cc2ccccc2cc1-c1nnc2c3cnn(-c4ccc(F)cc4)c3ncn12,396.38500000000005,4.1281000000000025,2,81.13,6,6,1,7
268,COc1ccc(-c2nnc3c4cnn(-c5ccc(Cl)cc5)c4ncn23)cc1OC,406.83300000000014,3.8008000000000033,4,79.36,5,5,0,8
269,Cc1ccc(-c2nnc3c4cnn(-c5ccc(C)c(Cl)c5)c4ncn23)cc1,374.8350000000001,4.400440000000003,2,60.900000000000006,5,5,0,6
270,Cc1ccc(-n2ncc3c(NCCO)nc(N4CCN(c5ccccc5F)CC4)nc32)cc1,447.5180000000002,2.9938200000000013,6,82.33999999999999,5,4,2,8
271,CC(C)OCCCNc1ncnc2c1c(-c1ccccc1)cn2-c1ccccc1,386.4990000000001,5.314500000000005,8,51.97,4,4,1,5
272,COc1ccc(Nc2nc(N3CCN(c4cccc(Cl)c4)CC3)nc3nccnc23)cc1,447.9300000000002,4.152000000000003,5,79.3,5,4,1,8
273,COc1ccc(Nc2nc(N3CCN(c4ccccc4)CC3)nc3nccnc23)cc1,413.4850000000002,3.4986000000000024,5,79.3,5,4,1,8
274,Cc1ccc(Nc2nc(Nc3ccc(C)cc3)c3nccnc3n2)cc1,342.40600000000006,4.5238400000000025,4,75.62,4,4,2,6
275,OCCN1CCN(Nc2nc(Nc3ccccc3)c3nccnc3n2)CC1,366.4290000000002,1.1001999999999992,6,102.33000000000001,4,3,3,9
276,COc1ccccc1N1CCN(Nc2nc(Nc3ccccc3)c3nccnc3n2)CC1,428.50000000000017,3.3211000000000013,6,91.33000000000001,5,4,2,9
277,c1ccc(Nc2nc(Nc3ccccc3)c3nccnc3n2)cc1,314.3520000000001,3.907000000000001,4,75.62,4,4,2,6
278,COCCNc1nc(Nc2ccc(F)cc2)nc2nccnc12,314.324,2.3608000000000002,6,84.85000000000001,3,3,2,7
279,COCCNc1nc(NCCC2=CCCCC2)nc2nccnc12,328.41999999999996,2.780500000000001,8,84.85000000000001,3,2,2,7
280,COCCNc1nc(NCCc2ccccc2)nc2nccnc12,324.38800000000003,2.1327,8,84.85000000000001,3,3,2,7
281,COc1ccc(Nc2nc(NCc3ccccc3)c3nccnc3n2)cc1OC,388.43100000000015,3.7927000000000017,7,94.08000000000001,4,4,2,8
282,COc1cc(Nc2nc(NCc3ccccc3)c3nccnc3n2)cc(OC)c1OC,418.4570000000002,3.801300000000002,8,103.31000000000002,4,4,2,9
283,c1ccc(CNc2nc(N3CCN(Cc4ccccc4)CC3)nc3nccnc23)cc1,411.51300000000015,3.3541000000000016,6,70.07000000000001,5,4,1,7
284,COc1cc(Nc2nc(N3CCOCC3)c3nccnc3n2)cc(OC)c1OC,398.4230000000001,2.0258,6,103.75000000000001,4,3,1,10
285,COc1ccc(CNc2nc(N3CCCC3)c3cnn(C)c3n2)cc1OC,368.4410000000001,2.5928000000000004,6,77.33,4,3,1,8
286,Cn1ncc2c(Nc3ccc(F)cc3)nc(NC3CCCC3)nc21,326.3790000000002,3.600500000000002,4,67.66,4,3,2,6
287,Cn1ncc2c(Nc3ccc(F)cc3)nc(NC3CCCCC3)nc21,340.40600000000023,3.9906000000000033,4,67.66,4,3,2,6
288,Cn1ncc2c(Nc3ccc(Cl)cc3)nc(NC3CCCCC3)nc21,356.8610000000003,4.504900000000003,4,67.66,4,3,2,6
289,Cn1ncc2c(Nc3cccc(Cl)c3)nc(NC3CCCCC3)nc21,356.8610000000003,4.504900000000003,4,67.66,4,3,2,6
290,COc1ccc(C(=O)NNc2ncnc3c2cnn3-c2ccc(C)cc2C)cc1,388.43100000000015,3.197840000000002,5,93.96000000000001,4,4,2,7
291,Cc1cccc(-n2ncc3c(Nc4c(C)n(C)n(-c5ccccc5)c4=O)ncnc32)c1,411.4690000000001,3.6653400000000023,4,82.56,5,5,1,8
292,Cc1ccc(-n2ncc3c(N4CCN(Cc5ccccc5)CC4)ncnc32)cc1C,398.5140000000002,3.754540000000003,4,50.080000000000005,5,4,0,6
293,COc1ccc(C(=O)NNc2ncnc3c2cnn3-c2ccc(C)c(C)c2)cc1OC,418.4570000000002,3.2064400000000015,6,103.19000000000001,4,4,2,8
294,Cc1ccc(-n2ncc3c(NNC(=O)CCc4ccccc4)ncnc32)cc1C,386.4590000000001,3.5082400000000025,6,84.73,4,4,2,6
295,Cc1ccc(-n2ncc3c(NCCCn4ccnc4)ncnc32)cc1C,347.4260000000001,3.1310400000000014,6,73.45,4,4,1,7
296,COc1ccc(CCNc2ncnc3c2cnn3-c2ccc(F)cc2)cc1OC,393.42200000000014,3.626400000000002,7,74.09,4,4,1,7
297,Fc1ccc(-n2ncc3c(NCCCc4ccccc4)ncnc32)cc1,347.39700000000005,3.9993000000000025,6,55.63,4,4,1,5
298,Cc1ccc(Cl)cc1-n1ncc2c(NCc3ccccc3)ncnc21,349.82500000000005,4.389420000000003,4,55.63,4,4,1,5
299,O=C(Cc1cccc2ccccc12)NNc1ncnc2c1cnn2-c1cccc(Cl)c1,428.88300000000015,4.307900000000003,5,84.72999999999999,5,5,2,6
300,Clc1cccc(-n2ncc3c(N4CCN(Cc5ccccc5)CC4)ncnc32)c1,404.9050000000001,3.791100000000002,4,50.080000000000005,5,4,0,6
301,Fc1ccccc1N1CCN(c2ncnc3c2cnn3-c2cccc(Cl)c2)CC1,408.86800000000017,3.934600000000003,3,50.080000000000005,5,4,0,6
302,NC(=O)CSc1oc(-c2ccc(F)cc2)nc1S(=O)(=O)c1ccc(Cl)cc1,426.87800000000016,3.5443000000000016,6,103.25999999999999,3,3,1,6
303,CCOC(=O)c1csc(-c2cc(Cl)ccc2O)n1,283.736,3.345800000000002,3,59.42,2,2,1,5
304,CCOC(=O)c1coc(-c2ccc(C(F)(F)F)cc2)n1,285.22099999999995,3.5371000000000024,3,52.33,2,2,0,4
305,CCOC(=O)c1coc(-c2ccc(Cl)c(Cl)c2)n1,286.114,3.8251000000000017,3,52.33,2,2,0,4
306,Cc1ccc(C(=O)NCCCc2nc3ccccc3[nH]2)c(-n2cnnn2)c1C,375.4360000000001,2.51804,6,101.38,4,4,2,6
307,O=C(NCCc1nc2ccccc2[nH]1)c1cc(Cl)ccc1-n1cnnn1,367.8000000000001,2.1644999999999994,5,101.38,4,4,2,6
308,COc1ccccc1-c1nc2nccc(-c3cc4ccccc4o3)n2n1,342.35800000000006,4.213100000000003,3,65.45,5,5,0,6
309,CCN1CCN(C(=O)c2cc(-c3ccccc3)nc3c2c(C)nn3C)CC1,363.4650000000002,2.721420000000001,3,54.26,4,3,0,5
310,c1ccc(CN2CCc3[nH]ccc3C2)cc1,212.29600000000002,2.5730000000000004,2,19.03,3,2,1,1
311,CCOC(=O)c1nn(-c2ccc(F)cc2)c(-c2ccccc2)c1C#N,335.3380000000001,3.7267800000000024,4,67.91,3,3,0,5
312,CCOC(=O)CSc1nnc(-c2ccccc2)n1-c1ccccc1,339.4200000000001,3.589500000000002,6,57.01,3,3,0,6
313,Cn1c(=O)n(C)c2cc(S(=O)(=O)NC(Cc3c[nH]c4ccccc34)C(=O)O)ccc21,428.4700000000001,1.3324999999999994,6,126.18999999999998,4,4,3,6
314,Cc1cc(S(=O)(=O)Nc2ccc(C(=O)O)c(O)c2)ccc1F,325.317,2.3387200000000004,4,103.7,2,2,3,4
315,O=C1NC(=O)c2cc(S(=O)(=O)NCc3ccco3)cc3cccc1c23,356.3590000000001,1.7948999999999997,4,105.48,4,3,2,5
316,COc1ccc(OC)c(S(=O)(=O)NC(Cc2c[nH]c3ccccc23)C(=O)O)c1,404.4440000000001,2.1593,8,117.71999999999998,3,3,3,5
317,CN1C(=O)c2cccc3cc(S(=O)(=O)Nc4nccs4)cc(c23)C1=O,373.4150000000001,2.3229000000000006,3,96.44,4,3,1,6
318,CCN1C(=O)c2cccc3cc(S(=O)(=O)Nc4ccccc4C(=O)OC)cc(c23)C1=O,438.4610000000002,3.0431000000000017,5,109.85000000000002,4,3,1,6
319,CCN1C(=O)c2cccc3cc(S(=O)(=O)Nc4ccccc4C)cc(c23)C1=O,394.4520000000001,3.5649200000000025,4,83.55000000000001,4,3,1,4
320,CCN1C(=O)c2cccc3cc(S(=O)(=O)Nc4cccc(C(=O)O)c4)cc(c23)C1=O,424.43400000000014,2.9547000000000008,5,120.85000000000002,4,3,2,5
321,O=C(CCCCCn1nnc2ccccc2c1=O)Nc1nnc(C2CCCC2)s1,412.51900000000023,3.4997000000000016,8,102.66,4,3,1,8
322,Cc1ccc(C(=O)Nc2nnc(C3CCCO3)s2)c(-n2cnnn2)c1C,371.42600000000004,2.23444,4,107.71,4,3,1,9
323,Cc1csc(NC(=O)CCc2nnc3ccc(-n4nc(C)cc4C)nn23)n1,382.4530000000001,2.2630600000000003,5,102.89,4,4,1,9
324,Cc1cc(C)n(-c2ccc3nnc(CCC(=O)Nc4nc(C)c(C)s4)n3n2)n1,396.4800000000001,2.571480000000001,5,102.89,4,4,1,9
325,COc1ccc2cnn(CC(=O)NCCC3=CCCCC3)c(=O)c2c1OC,371.43700000000024,2.4204000000000008,7,82.45,3,2,1,6
326,COc1ccc2cnn(CC(=O)NCC3(CC(=O)O)CCCCC3)c(=O)c2c1OC,417.46200000000033,1.955099999999999,8,119.75000000000001,3,2,2,7
327,COc1ccc2cnn(CC(=O)NC(C(=O)O)c3ccccc3)c(=O)c2c1OC,397.38700000000017,1.3557999999999997,7,119.75000000000001,3,3,2,7
328,Cc1nnc(NC(=O)c2cc(F)ccc2-n2cnnn2)s1,305.298,1.21362,3,98.48,3,3,1,8
329,Cc1sc2ncnc(SCCC(=O)NCc3cccs3)c2c1C,363.533,4.1682400000000035,6,54.88,3,3,1,6
330,CC(=O)c1cccc(NC(=O)c2cc(-c3ccccc3)nc3onc(C)c23)c1,371.39600000000013,4.653120000000003,4,85.09,4,4,1,5
331,COc1cc(NC(=O)c2cc(C3CC3)nc3onc(C)c23)cc(OC)c1,353.3780000000001,3.6781200000000025,5,86.48,4,3,1,6
332,O=C(NC1CCCCCCC1)C1CCCN(c2ccc3nnc(C(F)(F)F)n3n2)C1,424.47100000000006,3.5886000000000022,3,75.42,4,2,1,6
333,FC(F)(F)c1nnc2ccc(NC3CC3)nn12,243.19200000000004,1.7173999999999994,2,55.11,3,2,1,5
334,c1cc2nncn2nc1NC1CCCCC1,217.27599999999993,1.8688999999999998,2,55.11,3,2,1,5
335,CCOc1ccc2c(Cc3ccc(Cl)cc3)noc2c1,287.74600000000004,4.470700000000003,4,35.260000000000005,3,3,0,3
336,Cc1ccc(Sc2nc(N)c3nc(-c4ccccc4)oc3n2)cc1,334.40400000000005,4.326620000000002,3,77.83,4,4,1,6
337,Cc1ccccc1-c1nc(C(N)=O)c(NN)o1,232.243,1.0345199999999999,3,107.16999999999999,2,2,3,5
338,Cc1sc2nc(SCCCN3C(=O)c4cccc5cccc(c45)C3=O)nc(N)c2c1C,448.5730000000002,4.821940000000003,5,89.18,5,4,1,7
339,Nc1nc(SCCCN2C(=O)c3cccc4cccc(c34)C2=O)nc2sc3c(c12)CCCC3,474.6110000000004,5.083900000000004,5,89.17999999999999,6,4,1,7
340,Cc1oc2nc(SCC(=O)NCCCO)nc(N)c2c1C,310.3790000000001,1.0125399999999998,6,114.27,2,2,3,7
341,O=C1c2cccc3cccc(c23)C(=O)N1CCCc1nnc(Nc2ccccc2)s1,414.49,4.663700000000003,6,75.19,5,4,1,6
342,C=CCn1c(=O)c2c3c(sc2n2c(Nc4ccccc4)nnc12)CCC3,363.44600000000014,3.524000000000002,4,64.22,5,4,1,7
343,C=CCn1c(=O)c2c3c(sc2n2c(Nc4ccc(OC)cc4)nnc12)CCC3,393.4720000000002,3.5326000000000013,5,73.45,5,4,1,8
344,CC12CCC3c4ccc(O)cc4CCC3C1CC(O)C2O,288.38699999999994,2.5800000000000005,0,60.69,4,1,3,3
345,COc1ccc(C2C(C(=O)c3c(C)nn(C)c3C)C(=O)C(=O)N2CCCn2ccnc2)cc1,449.5110000000002,2.2838399999999996,8,99.31999999999998,4,3,0,8
346,Cc1nn(C)c(C)c1C(=O)C1C(=O)C(=O)N(CCN2CCOCC2)C1c1ccc(Cl)cc1,458.94600000000025,1.97404,6,84.74,4,2,0,7
347,COc1ccc(C2C(C(=O)c3c(C)nn(C)c3C)C(=O)C(=O)N2CCN2CCOCC2)cc1,454.5270000000003,1.3292400000000004,7,93.96999999999998,4,2,0,8
348,COc1cccc(C2C(C(=O)c3c(C)nn(C)c3C)C(=O)C(=O)N2CCCN(C)C)c1OC,456.5430000000003,1.95734,9,93.96999999999998,3,2,0,8
349,Cc1nn(C)c(C)c1C(=O)C1C(=O)C(=O)N(CCN(C)C)C1c1ccc(C(C)C)cc1,424.54500000000013,2.673440000000001,7,75.50999999999999,3,2,0,6
350,Cc1nn(C)c(C)c1C(=O)C1C(=O)C(=O)N(Cc2cccnc2)C1c1ccc(F)cc1,420.444,2.72274,5,85.16,4,3,0,6
351,O=[N+]([O-])c1ccc2c(c1)CN(Cc1ccccc1)CC2,268.316,3.153100000000002,3,46.38,3,2,0,3
352,Cc1cc(Br)cn2c(CN3CCN(C(=O)OC(C)(C)C)CC3)cnc12,409.32800000000026,3.4579200000000014,2,50.08,3,2,0,5
353,O=[N+]([O-])c1ccc2nc(-c3ccc(-c4ccccc4)cc3)cn2c1,315.33200000000005,4.576500000000004,3,60.44,4,4,0,4
354,O=[N+]([O-])c1cccn2cc(-c3ccc(-c4ccccc4)cc3)nc12,315.33200000000005,4.576500000000004,3,60.44,4,4,0,4
355,O=[N+]([O-])c1ccc2nc(-c3ccc(O)cc3)cn2c1,255.23300000000003,2.6151,2,80.67,3,3,1,5
356,Cc1cc([N+](=O)[O-])c2nc(-c3ccc(-c4ccccc4)cc3)cn2c1,329.35900000000004,4.884920000000004,3,60.44,4,4,0,4
357,CCOC(=O)c1sc(-c2ccccc2)nc1C(F)(F)F,301.289,4.005600000000001,3,39.19,2,2,0,4
358,CCc1ccccc1NC(=O)CSc1n[nH]c2nc(=O)c(Cc3ccccc3Cl)nn12,454.9430000000002,3.3500000000000014,7,105.04,4,4,2,7
359,FC(F)(F)c1nnc2n1N=C(NC1CCCCC1)CS2,305.32900000000006,2.4865000000000004,1,55.1,3,1,1,6
360,Cc1cccc(N=C2CSc3nnc(-c4ccccc4Br)n3N2)c1C,414.33200000000005,4.703840000000003,2,55.1,4,3,1,5
361,Cc1c(Cl)cccc1N=C1CSc2nnc(-c3ccccc3Br)n2N1,434.75,5.048820000000002,2,55.1,4,3,1,5
362,CCOC(=O)c1cn2c(Cl)cccc2n1,224.64700000000002,2.1643999999999997,2,43.6,2,2,0,4
363,NNc1oc(-c2ccccc2)nc1C(N)=O,218.21599999999998,0.7261000000000002,3,107.16999999999999,2,2,3,5
364,COC(=O)c1nc(-c2ccc(C)cc2)oc1NN,247.25400000000002,1.72222,3,90.38,2,2,2,6
365,Cc1nc2cc(NS(=O)(=O)c3ccc(Cl)cc3)ccc2[nH]1,321.789,3.325520000000001,3,74.85,3,3,2,3
366,CC1(O)CCC(C(C)(C)O)CC1,172.26799999999997,1.6985,1,40.46,1,0,2,2
367,CCN(CC)S(=O)(=O)c1cccc(-c2cn3cc(Cl)ccc3n2)c1,363.8700000000001,3.6852000000000027,5,54.68000000000001,3,3,0,4
368,Cc1cccn2cc(-c3cccc(S(=O)(=O)N4CCCCCC4)c3)nc12,369.4900000000003,3.8744200000000024,3,54.68,4,3,0,4
369,O=S(=O)(c1cccc(-c2cn3cc(Cl)ccc3n2)c1)N1CCCCCC1,389.9080000000003,4.219400000000003,3,54.68,4,3,0,4
370,CC1CN(S(=O)(=O)c2cccc(-c3cn4ccccc4n3)c2)CC(C)O1,371.46200000000016,2.799200000000001,3,63.91000000000001,4,3,0,5
371,CCc1ccc(C2C(c3nc4ccccc4s3)C(=O)C(=O)N2c2nnc(C)s2)cc1,434.54600000000016,4.459420000000003,4,76.05000000000001,5,4,0,7
372,CCc1ccc(C2C(c3nc4ccccc4s3)C(=O)C(=O)N2c2nc(C)c(C(=O)OC)s2)cc1,491.5940000000003,4.851020000000004,5,89.46000000000001,5,4,0,8
373,COc1cc(-c2nn3c(-c4ccc(Cl)cc4)nnc3s2)cc(OC)c1OC,402.8630000000002,4.199000000000003,5,70.77000000000001,4,4,0,8
374,CCOC(=O)c1cn2cc(F)ccc2n1,208.19199999999998,1.6501000000000001,2,43.6,2,2,0,4
375,CCOC(=O)c1cn2c(-c3ccc(C)cc3)csc2n1,286.35600000000005,3.547920000000002,3,43.6,3,3,0,5
376,Cc1cccc2nc(CCN3C(=O)c4ccccc4C3=O)cn12,305.33700000000005,2.481420000000001,3,54.68000000000001,4,3,0,4
377,O=C1c2ccccc2C(=O)N1CCc1cn2cc(Cl)cc(Cl)c2n1,360.20000000000005,3.479800000000002,3,54.68000000000001,4,3,0,4
378,O=C(O)c1coc(-c2ccc(C(F)(F)F)cc2)n1,257.167,3.058600000000001,2,63.33,2,2,1,3
379,CCOC(=O)c1cc(-c2ccc(OC)cc2)c2c(C)nn(-c3ccccc3)c2n1,387.4390000000001,4.5812200000000045,5,66.24000000000001,4,4,0,6
380,CCOC(=O)c1cn2cc(C)ccc2n1,204.22899999999998,1.81942,2,43.6,2,2,0,4
381,FC(F)(F)c1ccc(-c2nc3ncccc3o2)cc1,264.206,3.9086000000000016,1,38.92,3,3,0,3
382,O=C(O)c1cc(=O)[nH]c(-c2ccccc2)n1,216.19600000000003,1.1350999999999998,2,83.05,2,2,2,3
383,Cc1cccn2cc(-c3ccc(Cl)c(Cl)c3)nc12,277.15400000000005,4.616520000000001,1,17.3,3,3,0,2
384,Cc1nc(NC2CC2)sc1C(=O)O,198.24699999999999,1.7240199999999999,3,62.22,2,1,2,4
385,Cc1noc2nc(-c3ccccc3)cc(C(=O)NCCCOC(C)C)c12,353.4220000000002,3.743120000000002,7,77.25,3,3,1,5
386,CC12CCC3c4ccc(O)cc4CCC3C1CCC2O,272.3879999999999,3.6092000000000026,0,40.46,4,1,2,2
387,Cc1oc2cc3oc(=O)c(CCC(=O)N4CCc5ccccc5C4)c(C)c3cc2c1C,415.48900000000015,4.981960000000005,3,63.660000000000004,5,4,0,4
388,COCCCNC(=O)c1cc(-c2ccccc2)nc2onc(C)c12,325.36800000000017,2.964520000000001,6,77.25,3,3,1,5
389,COc1ccc2c(C)c(CC(=O)Nc3nnc(C)s3)c(=O)oc2c1,345.38000000000005,2.4511400000000005,4,94.32000000000001,3,3,1,7
390,Fc1ccc2nc(-c3ccc(Cl)cc3Cl)cn2c1,281.117,4.447200000000001,1,17.3,3,3,0,2
391,Cc1ccc2nc(-c3ccc(F)c(C)c3)cn2c1,240.281,3.757240000000003,1,17.3,3,3,0,2
392,Cc1ccc(-c2cn3cccc(C)c3n2)cc1C,236.318,3.926560000000003,1,17.3,3,3,0,2
393,Cn1cnc2cc(C(=O)O)c(Nc3ccc(Br)cc3Cl)c(F)c21,398.6190000000001,4.570100000000002,3,67.15,3,3,2,4
394,Nc1ccc(C(F)(F)F)cn1,162.11400000000003,1.6825999999999999,0,38.91,1,1,1,2
395,Cc1ccc(-c2nnc(CNC(=O)COc3cc(C)c(Cl)c(C)c3)o2)cc1,385.8510000000001,4.010460000000003,6,77.25,3,3,1,5
396,Cc1cc(S(=O)(=O)NCc2ccc(-c3ccccc3F)o2)ccc1F,363.38500000000005,4.011720000000003,5,59.31,3,3,1,3
397,COC(=O)c1n[nH]c2ccc(C)cc2c1=O,218.212,1.01812,1,72.05,2,2,1,4
398,Cc1ccc(-c2cc(C(=O)N3CC(C)Oc4ccccc43)no2)cc1,334.37500000000006,4.077720000000003,2,55.57000000000001,4,3,0,4
399,CC(=O)N1N=C(c2ccc(C)cc2)OC1c1ccccc1[N+](=O)[O-],325.32400000000007,3.1423200000000016,3,85.04,3,2,0,5
400,Cc1cccc(C)c1OCC(=O)Nc1nc(C)c(-c2nc(-c3cccs3)no2)s1,426.5230000000001,4.864360000000003,6,90.14,4,4,1,8
401,CCOC(=O)c1nc(-c2ccc(C)cc2)oc1NNC(=O)c1ccccc1F,383.3790000000001,3.7227200000000016,6,93.46000000000001,3,3,2,6
402,C=CCOc1ccc(C(=O)Nc2ccccc2-c2nc(-c3ccc(F)cc3)no2)cc1,415.4240000000001,5.359800000000004,7,77.25,4,4,1,5
403,CCOc1ccccc1C(=O)Nc1ccccc1-c1nc(-c2ccc(F)cc2)no1,403.41300000000007,5.193700000000004,6,77.25,4,4,1,5
404,Cc1ccc(C(=O)Nc2ccccc2-c2nc(-c3ccc(C)cc3)no2)cc1,369.4240000000001,5.272740000000005,4,68.02000000000001,4,4,1,4
405,Cc1ccc2oc(C(=O)NCCc3nc(-c4ccccc4)no3)c(C)c2c1,361.40100000000007,4.072140000000003,5,81.16000000000001,4,4,1,5
406,COc1ccc(OCCn2ccc(=O)c(O)c2C)cc1,275.304,1.9499199999999999,5,60.69,2,2,1,5
407,Cc1nnc(C(CC(=O)Nc2ccccc2)c2ccccc2)o1,307.35300000000007,3.5387200000000014,5,68.02000000000001,3,3,1,4
408,Oc1ccc(CN2CCc3ccccc3C2)cc1,239.31800000000004,2.9505000000000017,2,23.47,3,2,1,2
409,Cc1ccc(-n2ncc3c2ncn2c(-c4ccco4)nnc32)cc1,316.32400000000007,3.031620000000001,2,74.04,5,5,0,7
410,CCC1(c2ccc(C)c(C)c2)NC(=O)N(CC(=O)O)C1=O,290.319,1.54514,4,86.71000000000001,2,1,2,3
411,O=C(O)c1ccc(C(F)(F)F)cc1,190.11999999999998,2.403600000000001,1,37.3,1,1,1,1
412,O=C(O)c1cc(C2CC2)n2nc(-c3ccccc3F)cc2n1,297.28900000000004,3.1110000000000015,3,67.49,4,3,1,4
413,OC(c1cccc(C(F)(F)F)c1)C1CCCNC1,259.271,2.7384000000000004,2,32.26,2,1,2,2
414,FC(F)(F)c1cccc(-c2ccc(Cl)nc2)c1,257.642,4.420800000000002,1,12.89,2,2,0,1
415,FC(F)(F)c1ccc(C2CCCN2)cc1,215.218,3.129900000000001,1,12.03,2,1,1,1
416,CC(C)c1nc(Nc2ccc3c[nH]nc3c2)c2ccccc2n1,303.369,4.373100000000002,3,66.49000000000001,4,4,2,4
417,COc1cc2nc(C(F)(F)F)nc(NC3CCC(O)CC3)c2cc1OC,371.35900000000015,3.3812000000000015,4,76.50000000000001,3,2,2,6
418,Cn1ncc2c(NC3CCCCC3)ncnc21,231.30299999999997,2.1079,2,55.63,3,2,1,5
419,Cn1ncc2c(NC3CCCC3)ncnc21,217.27599999999998,1.7178,2,55.63,3,2,1,5
420,OC1CCC(Nc2nc(C(F)(F)F)nc3c(F)cccc23)CC1,329.2970000000001,3.5031000000000017,2,58.04,3,2,2,4
421,Fc1ccc2nc(C(F)(F)F)nc(NC3CC3)c2c1,271.217,3.362000000000001,2,37.81,3,2,1,3
422,COc1ccc2c(NC3CCC(O)CC3)nc(C(F)(F)F)nc2c1,341.33299999999997,3.372600000000001,3,67.27,3,2,2,5
423,CCOC(=O)c1cn2ccc(C)cc2n1,204.22899999999998,1.81942,2,43.6,2,2,0,4
424,Cc1ccc2c(C)c(C(=O)N(Cc3sccc3C)C3CCS(=O)(=O)C3)oc2c1,417.55200000000025,4.249060000000004,4,67.59,4,3,0,5
425,COCCN1C(=O)C(=O)C(C(=O)c2cc3ccccc3o2)C1c1ccc(Cl)c(Cl)c1,446.2860000000002,4.337500000000004,6,76.82,4,3,0,5
426,Cc1nnc(N2C(=O)C(=O)C(C(=O)c3cc4ccccc4o3)C2c2ccc(Cl)c(Cl)c2)s1,486.3360000000001,5.055620000000002,4,93.37,5,4,0,7
427,Cc1cc(C)c2c(CC(=O)Nc3nc4ccc(S(C)(=O)=O)cc4s3)coc2c1,414.50800000000015,4.244040000000004,4,89.27,4,4,1,6
428,O=C1C(=O)N(Cc2ccncc2)C(c2ccncc2)C1C(=O)c1cc2ccccc2o1,411.4170000000002,3.374500000000002,5,93.37,5,4,0,6
429,O=C1C(=O)N(CCc2ccccc2)C(c2cccs2)C1C(=O)c1cc2ccccc2o1,429.4970000000002,4.688500000000004,6,67.59,5,4,0,5
430,COc1ccccc1OCC(=O)Nc1c(C(=O)c2ccc(C)cc2)oc2ccccc12,415.4450000000001,4.998320000000004,7,77.77,4,4,1,5
431,COc1ccccc1OCC(=O)Nc1c(C(=O)c2ccccc2)oc2ccccc12,401.41800000000006,4.689900000000003,7,77.77,4,4,1,5
432,CCCOc1ccc(C2C(C(=O)c3cccs3)C(=O)C(=O)N2Cc2ccco2)cc1OCC,467.5430000000003,4.680300000000004,10,86.05000000000001,4,3,0,7
433,O=C1C(=O)N(Cc2cccnc2)C(c2cccc(O)c2)C1C(=O)c1ccc2c(c1)OCCO2,444.44300000000027,2.7101000000000006,5,106.03,5,3,1,7
434,O=C(c1sc2ccccc2c1Cl)N(Cc1cccc(Cl)c1)C1CCS(=O)(=O)C1,454.4000000000002,5.037600000000005,4,54.45,4,3,0,4
435,CCCOc1ccc(C2C(C(=O)OC)=C(C)N=C3SC(CC)C(=O)N32)cc1OCC,432.5420000000002,4.085800000000003,8,77.43,3,1,0,7
436,CCOc1cc(C2C(C(=O)c3cc4ccccc4o3)C(=O)C(=O)N2CCCn2ccnc2)ccc1O,487.5120000000003,3.7754000000000025,9,114.87,5,4,1,8
437,O=C1C(=O)N(Cc2ccco2)C(c2cccc(O)c2)C1C(=O)c1ccc(Cl)cc1,409.82500000000016,3.790300000000003,5,87.82,4,3,1,5
438,CCOC(=O)C1C(=O)C(=O)N(Cc2cccnc2)C1c1ccc(C)cc1,352.3900000000001,2.22192,5,76.57000000000001,3,2,0,5
439,Cc1ccn2cc(-c3ccc(F)cc3)nc2c1,226.254,3.448820000000002,1,17.3,3,3,0,2
440,Cc1ccc(C2C(C(=O)c3cccs3)C(=O)C(=O)N2CCN(C)C)o1,360.4350000000002,2.1626199999999995,6,70.83000000000001,3,2,0,6
441,C=CCOc1ccc(C2C(C(=O)c3ccc(Cl)cc3)C(=O)C(=O)N2Cc2ccncc2)cc1OC,490.94300000000027,4.460100000000004,9,85.80000000000001,4,3,0,6
442,Cc1ccc(-c2cn3cc(C)ccc3n2)cc1,222.29100000000003,3.618140000000002,1,17.3,3,3,0,2
443,CCOC(=O)c1cnc(-c2ccc(C)cc2)s1,247.31900000000002,3.2952200000000023,3,39.19,2,2,0,4
444,CCN(CC)CCCNc1ncnc2c1cnn2-c1ccc(F)cc1,342.4220000000001,3.0984000000000016,8,58.87,3,3,1,6
445,COc1ccc(Nc2nc(N3CCCC3)nc3c2cnn3C)cc1,324.388,2.715700000000001,4,68.1,4,3,1,7
446,c1ccc(Nc2nc(NC3CCCC3)nc3nccnc23)cc1,306.373,3.517900000000002,4,75.62,4,3,2,6
447,CC(=O)Nc1ccc(Nc2ncnc3c2cnn3-c2ccc(C)cc2C)cc1,372.43200000000013,4.134340000000003,4,84.72999999999999,4,4,2,6
448,COc1ccc(Nc2nc(NC3CCCC3)nc3c2cnn3C)cc1,338.415,3.4700000000000024,5,76.89000000000001,4,3,2,7
449,COc1ccc(Nc2nc(Nc3cccc(Cl)c3)nc3nccnc23)cc1,378.8230000000001,4.569000000000003,5,84.85000000000001,4,4,2,7
450,Cc1ccc(Nc2nc(NCCN3CCOCC3)nc3nccnc23)cc1Cl,399.8860000000001,2.869320000000001,6,88.09,4,3,2,8
451,Cc1cc2nc(-c3ccc(F)cc3)cn2cc1N,241.269,3.0310200000000007,1,43.32,3,3,1,3
452,NCCc1cn2cc(C(F)(F)F)ccc2n1,229.20499999999996,1.8542999999999998,2,43.32,2,2,1,3
453,Cc1ccc(-c2nc3ccc(C)cn3c2C(=O)O)cc1,266.3,3.316340000000001,2,54.60000000000001,3,3,1,3
454,COCc1nc2c(s1)CN(C(=O)c1ccccc1F)CC2,306.3620000000001,2.6271000000000013,3,42.43,3,2,0,4
455,Cc1c(C)n2c3c(=O)[nH]c(=O)n(C)c3nc2n1CCO,277.284,-0.71486,2,97.32000000000001,3,3,2,7
456,Cc1c(C)n2c3c(=O)[nH]c(=O)n(C)c3nc2n1CCCO,291.31100000000004,-0.32476000000000055,3,97.32000000000001,3,3,2,7
457,Nc1ccc2c(c1)CN(Cc1ccccc1)CC2,238.334,2.8271000000000015,2,29.259999999999998,3,2,1,2
458,CCc1cc2c(N3CCN(C(=O)c4ccc(C)cc4)CC3)nc(C)nc2s1,380.51700000000017,3.8329400000000025,3,49.33,4,3,0,5
459,OCc1c(-c2ccc(Cl)cc2Cl)nc2ccccn12,293.15299999999996,3.8004000000000024,2,37.53,3,3,1,3
460,CCOC(=O)c1cn2ccccc2n1,190.202,1.511,2,43.6,2,2,0,4
461,CN(C)C(CNC(=O)c1cc(-c2ccc3c(c2)CCCC3)on1)c1ccccc1,389.49900000000014,4.253100000000003,6,58.370000000000005,4,3,1,4
462,Cc1ccc(C(=O)c2oc3ccccc3c2NS(=O)(=O)c2ccccc2)cc1,391.44800000000015,4.773020000000003,5,76.38,4,4,1,4
463,C=CCOc1ccc(C(=O)Nc2nonc2-c2ccc(F)cc2)cc1,339.326,3.692800000000002,6,77.25,3,3,1,5
464,COc1ccc(CN(Cc2ccco2)C(=O)c2cc(=O)c3ccc(Br)cc3o2)cc1,468.3030000000001,4.999700000000004,6,72.89,4,4,0,5
465,Cc1ccc(-c2cc(C(=O)Nc3ccccn3)no2)cc1C,293.3260000000001,3.6057400000000017,3,68.02000000000001,3,3,1,4
466,c1ccc2c(c1)c(NCCCn1ccnc1)nn1cnnc21,293.334,1.9761999999999993,5,72.93,4,4,1,7
467,Cc1ccc(O)c(-c2[nH]nc3c2C(c2cccc(O)c2)N(Cc2ccco2)C3=O)c1,401.42200000000014,4.134720000000002,4,102.59,5,4,3,5
468,O=C(c1cc(=O)c2ccccc2o1)N(Cc1cccc2ccccc12)c1ccccn1,406.4410000000001,5.188200000000004,4,63.410000000000004,5,5,0,4
469,CCC(Oc1ccccc1F)C(=O)Nc1nonc1-c1ccc(OC)c(C)c1,385.39500000000015,3.9888200000000023,7,86.48,3,3,1,6
470,Cc1cc(OCc2nc(C#N)c(NCc3ccncc3)o2)ccc1Cl,354.797,4.0942000000000025,6,83.97,3,3,1,6
471,CSc1ncc(C(=O)NC2CCCC2)c(NC2CCCC2)n1,320.4620000000001,3.2254000000000014,5,66.91,3,1,2,5
472,CSc1ncc(C#N)c(NC2CCCC2)n1,234.32799999999997,2.4246800000000004,3,61.6,2,1,1,5
473,CSc1ncc(C(N)=O)c(NC2CCCC2)n1,252.34299999999996,1.6519,4,80.89999999999999,2,1,2,5
474,Cc1cc(N)c2nc(-c3ccc(-c4ccccc4)cc3)cn2c1,299.37700000000007,4.558920000000002,2,43.31999999999999,4,4,1,3
475,Cc1cn2c3c(=O)n(Cc4ccccc4Cl)c(=O)n(C)c3nc2n1CCO,387.8270000000002,1.1518199999999996,4,86.46000000000001,4,4,1,8
476,O=C(NNc1ncnc2c1cnn2-c1ccc(Cl)c(Cl)c1)c1ccco1,389.20200000000017,3.4722,4,97.86999999999999,4,4,2,7
477,Cc1cccc(OCCCn2cnc3sc(C(N)=O)c(C)c3c2=O)c1,357.4350000000002,2.6428400000000005,6,87.21000000000001,3,3,1,6
478,Cc1noc(C)c1Cn1cnc2sc(C(N)=O)c(C)c2c1=O,318.3580000000001,1.51846,3,104.00999999999999,3,3,1,7
479,Nc1cccn2cc(-c3ccc(-c4ccccc4)cc3)nc12,285.3500000000001,4.250500000000002,2,43.32,4,4,1,3
480,COc1cc2c(cc1OC)C(c1ccc(C(F)(F)F)cc1)NCC2,337.34100000000007,3.9577000000000027,3,30.490000000000002,3,2,1,3
481,COc1cc2c(cc1OC)C(c1ccccc1C(F)(F)F)NCC2,337.34100000000007,3.9577000000000027,3,30.490000000000002,3,2,1,3
482,Cc1ccc(OCc2nc(C)c(C(=O)NC(C)C)s2)cc1,304.415,3.477140000000002,5,51.22,2,2,1,4
483,O=[N+]([O-])c1ccc2nc(-c3ccccc3)cn2c1,239.23400000000004,2.9095000000000004,2,60.44,3,3,0,4
484,Nc1nc(S(=O)(=O)Cc2ccc(F)cc2)ns1,273.31399999999996,1.2333,3,85.94,2,2,1,6
485,Nc1nc(S(=O)(=O)Cc2ccccc2)ns1,255.324,1.0942,3,85.94,2,2,1,6
486,CSc1ncc(C(=O)O)c(NC2CCCC2)n1,253.32699999999997,2.2512,4,75.11,2,1,2,5
487,Cc1ccc(CNc2cc(C)nc(-n3nc(C)cc3C)n2)cc1,307.401,3.5080800000000023,4,55.63,3,3,1,5
488,Cc1c(CCC(=O)Nn2cnnc2)c(=O)oc2cc3occ(-c4ccccc4)c3cc12,414.42100000000016,3.809020000000002,5,103.16,5,5,1,7
489,O=C(Nc1nc2ccccc2[nH]1)c1ccccc1-n1cnnn1,305.30100000000004,1.7908999999999995,3,101.38,4,4,2,6
490,CC(NC(=O)CCCn1c(=O)[nH]c2ccccc2c1=O)C(=O)O,319.3170000000001,0.05930000000000052,6,121.26,2,2,3,5
491,O=C(O)c1cccn2cc(-c3ccccc3)nc12,238.246,2.6995000000000005,2,54.599999999999994,3,3,1,3
492,O=C(O)c1cc(-c2ccccc2)[nH]c(=O)n1,216.196,1.1350999999999998,2,83.05,2,2,2,3
493,Nc1ccc(NC23CC4CC(CC(C4)C2)C3)nc1,243.35399999999996,3.044500000000002,2,50.94,5,1,2,3
494,Nc1ccc2nc(-c3ccc(F)cc3)cn2c1,227.24200000000002,2.722600000000001,1,43.31999999999999,3,3,1,3
495,Nc1ccc2nc(-c3ccc(-c4ccccc4)cc3)cn2c1,285.35,4.250500000000002,2,43.31999999999999,4,4,1,3
496,O=c1c(O)c(-c2ccc(F)cc2)oc2cc(Cl)ccc12,290.677,3.9581000000000017,1,50.44,3,3,1,3
497,O=C(O)c1c2ccccc2nc2cc(O)cc(O)c12,255.22899999999998,2.497400000000001,1,90.65,3,3,3,4
498,O=C(NCCCCCc1nnc2ccccn12)c1ccccc1-n1cnnn1,376.4240000000001,1.8477999999999999,8,102.89,4,4,1,8
499,CC(C)c1n[nH]c(NC(=O)Cn2cnc3sc(-c4ccccc4)cc3c2=O)n1,394.4600000000001,3.005200000000001,5,105.55999999999999,4,4,2,7
500,O=C(Cn1cnc2sc(-c3ccccc3)cc2c1=O)Nc1nc[nH]n1,352.379,1.8817999999999997,4,105.55999999999999,4,4,2,7
501,Cn1c(CCNC(=O)c2cc(Br)ccc2-n2cnnn2)nc2ccccc21,426.27800000000013,2.284,5,90.52000000000001,4,4,1,7
502,O=C(CCCn1cnc2ccccc2c1=O)NCCc1nc2ccccc2[nH]1,375.43200000000013,2.4119,7,92.66999999999999,4,4,2,5
503,COc1ccc2cc(NC(=O)CCCc3nnc4ccccn34)cnc2c1,361.405,3.2475000000000023,6,81.41,4,4,1,6
504,Cc1cc(C(=O)NC(CC(C)C)c2nnc3ccccn23)c2c(C)noc2n1,378.43600000000015,3.399540000000002,5,98.21000000000001,4,4,1,7
505,Cc1ccc(C(=O)NCCc2nnc3ccccn23)c(-n2cnnn2)c1C,362.3970000000001,1.2943399999999994,5,102.89,4,4,1,8
506,N#Cc1nc(-c2ccccc2F)oc1S(=O)(=O)c1ccc(Cl)cc1,362.769,3.838580000000002,3,83.96000000000001,3,3,0,5
507,Cc1ccc(S(=O)(=O)c2oc(-c3ccccc3F)nc2C#N)cc1,342.35100000000006,3.4936000000000025,3,83.96000000000001,3,3,0,5
508,Cc1ccc(Sc2oc(-c3ccccc3F)nc2C#N)cc1,310.35300000000007,4.812000000000003,3,49.82,3,3,0,4
509,CCCCOC(=O)c1c(O)[nH]c(C)c(Br)c1=O,304.14000000000004,2.10832,4,79.39,1,1,2,4
510,CCOc1ccc(C(C)C)cc1S(=O)(=O)Nc1cccc(O)c1,335.425,3.7151000000000023,6,75.63000000000001,2,2,2,4
511,CCOc1ccc(Br)cc1S(=O)(=O)Nc1cccc(O)c1,372.24000000000007,3.3542000000000014,5,75.63000000000001,2,2,2,4
512,CS(=O)(=O)NCCc1csc(-c2ccncc2)n1,283.37800000000004,1.2968,5,71.95,2,2,1,5
513,CC(C)Oc1ccc(S(=O)(=O)NCCc2ncc3ccccn23)cc1,359.451,2.642500000000001,7,72.7,3,3,1,5
514,CC(=O)N1CCc2cc(S(=O)(=O)NCCc3ncc4ccccn34)ccc21,384.46100000000007,1.7642999999999998,5,83.78,4,3,1,5
515,CCOc1ccc(-c2ncncc2-c2ccc(Br)cc2)c(O)c1,371.23400000000004,4.677400000000003,4,55.24000000000001,3,3,1,4
516,Cc1ccc2c(-c3oc4ccccc4c3NC(=O)c3ccco3)cc(=O)oc2c1,385.37500000000017,5.3599200000000025,3,85.59,5,5,1,5
517,CC12CCC3c4ccc(OCc5ccc(F)cc5)cc4CCC3C1CC(O)C2O,396.5020000000001,4.5925000000000065,3,49.69,5,2,2,3
518,CCOc1ccc(-c2nc(N)nc(C)c2-c2ccc(Cl)cc2)c(O)c1,355.82500000000005,4.4589200000000035,4,81.26,3,3,2,5
519,COc1c(-c2cc(C)[nH]n2)c(O)c(OC)c2occc12,274.27599999999995,2.854120000000001,3,80.51,3,3,2,5
520,CCOc1cc(O)c(-c2[nH]ncc2-c2nc(C)cs2)cc1CC,329.42500000000007,4.175320000000002,5,71.03,3,3,2,5
521,N=C(N)NCCCC(NC(=O)CCn1nnc2ccccc2c1=O)C(=O)O,375.3890000000001,-0.985729999999998,9,176.07999999999998,2,2,5,7
522,COc1cccc(C(=O)COc2cc(C)cc3oc(=O)c(C)c(C)c23)c1,352.38600000000014,3.988560000000003,5,65.74000000000001,3,3,0,5
523,COc1ccc(-c2cc(=O)oc3cc(OCC(=O)OCc4ccccc4)ccc23)cc1,416.4290000000001,4.590800000000003,7,74.97000000000001,4,4,0,6
524,COc1ccc(-c2cc(=O)oc3c(C)c4occ(C)c4cc23)cc1,320.344,4.831640000000004,2,52.58,4,4,0,4
525,Cc1cc2oc(=O)cc(-c3oc4ccccc4c3N)c2cc1Cl,325.751,4.750220000000002,1,69.37,4,4,1,4
526,CS(=O)(=O)Nc1ccc(C(=O)O)c(O)c1,231.229,0.4618999999999999,3,103.7,1,1,3,4
527,Cc1ccc2nc(-c3ccc(F)c(C)c3)c(CC(=O)O)n2c1,298.31699999999995,3.3843400000000017,3,54.599999999999994,3,3,1,3
528,O=C(O)Cc1c(-c2ccc(Cl)cc2)nc2ccccn12,286.718,3.2818000000000014,3,54.599999999999994,3,3,1,3
529,Cc1ccn2c(CC(=O)O)c(-c3ccc(C)c(C)c3)nc2c1,294.35400000000004,3.5536600000000016,3,54.6,3,3,1,3
530,Cc1ccc(-c2nc3c(C)cccn3c2CC(=O)O)cc1C,294.35400000000004,3.5536600000000016,3,54.60000000000001,3,3,1,3
531,COc1ccc(OCCCn2cnc3sc(C(N)=O)c(C)c3c2=O)cc1,373.43400000000014,2.34302,7,96.44,3,3,1,7
532,Cc1sc2ncnc(NCCc3nc4ccccc4[nH]3)c2c1C,323.42500000000007,3.8390400000000025,4,66.49000000000001,4,4,2,5
533,Cc1c(-c2nc(-c3ccccc3F)no2)nnn1-c1ccc(Br)cc1,400.211,4.194320000000002,3,69.63,4,4,0,6
534,Cc1ccccc1-c1noc(-c2nnn(-c3cc(F)ccc3F)c2C)n1,353.33200000000005,3.879340000000002,3,69.63,4,4,0,6
535,Cc1c(-c2nc(-c3ccccc3F)no2)nnn1-c1ccc(F)c(Cl)c1,373.75,4.224320000000001,3,69.63,4,4,0,6
536,CCOC(=O)c1cn2c(n1)CCCC2,194.23399999999992,1.3961000000000001,2,44.120000000000005,2,1,0,4
537,COc1cccc(-c2cn3c4c(=O)n(C)c(=O)n(C)c4nc3n2-c2ccc(Cl)cc2)c1,435.8710000000001,3.0046000000000017,3,75.46000000000001,5,5,0,8
538,COc1cccc(-c2cn3c4c(=O)n(C)c(=O)n(C)c4nc3n2-c2ccc(F)cc2)c1,419.4160000000001,2.4903000000000004,3,75.46000000000001,5,5,0,8
539,CCOc1ccc(-c2cn3c4c(=O)n(C)c(=O)n(C)c4nc3n2-c2ccc(F)cc2)cc1Cl,467.88800000000015,3.533800000000002,4,75.46000000000001,5,5,0,8
540,Cn1c(=O)c2c(nc3n(-c4cccc(Cl)c4)c(-c4cccc([N+](=O)[O-])c4)cn23)n(C)c1=O,450.8420000000002,2.9042000000000012,3,109.36999999999998,5,5,0,9
541,Cc1cn2c3c(=O)n(C)c(=O)n(C)c3nc2n1CCc1ccccc1,337.38300000000004,1.237519999999999,3,66.23,4,4,0,7
542,COc1cc(-n2nnc(C(=O)NCc3ccccc3)c2N)ccc1Cl,357.80100000000016,2.4415000000000004,5,95.05999999999999,3,3,2,6
543,Cc1ccc(-n2nnnc2SCC(=O)Nc2ccc3nccnc3c2)cc1Cl,411.87800000000016,3.2981200000000017,5,98.48,4,4,1,8
544,COC(=O)c1c(N)c(C(=O)N2CCOCC2)nn1-c1ccc(Cl)cc1,364.789,1.3669000000000004,3,99.68,3,2,1,7
545,CN(C)CCN1C(=O)C(=O)C(C(=O)c2ccc3ccccc3c2O)C1c1ccc(F)cc1,434.4670000000001,3.197600000000002,6,77.92,4,3,1,5
546,CN(C)CCN1C(=O)C(=O)C(C(=O)c2ccc3ccccc3c2O)C1c1ccc(Cl)cc1,450.92200000000014,3.7119000000000026,6,77.92,4,3,1,5
547,COc1cccc(C2C(C(=O)c3ccc4ccccc4c3O)C(=O)C(=O)N2CCCN(C)C)c1,460.5300000000003,3.457200000000002,8,87.14999999999999,4,3,1,6
548,O=c1cc(CSc2n[nH]c(=O)[nH]c2=O)[nH][nH]1,241.23200000000006,-1.2330999999999994,3,127.25999999999999,2,2,4,5
549,O=C(CSc1ncnc2sc3c(c12)CCCC3)c1cccs1,346.502,4.606600000000003,4,42.85,4,3,0,6
550,O=C(O)CSc1nnc(-c2ccc(Cl)cc2)n1-c1ccccc1,345.81100000000004,3.764400000000002,5,68.00999999999999,3,3,1,5
551,O=C(O)CSc1nnc(-c2ccc(Cl)cc2Cl)n1-c1ccccc1,380.2560000000001,4.417800000000002,5,68.00999999999999,3,3,1,5
552,O=c1cc(CSc2nnc(-c3ccc(Cl)cc3)n2-c2ccccc2)[nH][nH]1,383.86400000000003,3.8964000000000025,5,79.36,4,4,2,5
553,CCOC(=O)c1c(C)nc2c(c1-c1ccc(Br)cc1)C(=O)CC(C)(C)C2,416.31500000000017,5.151320000000005,3,56.26,3,2,0,4
554,Cc1cc(=O)[nH]c(NN=Cc2ccccc2F)n1,246.24500000000003,1.66342,3,70.14,2,2,2,4
555,c1ccc(-n2nnnc2Sc2ncnc3c4c(sc23)CCCC4)cc1,366.4750000000002,3.697000000000002,3,69.38,5,4,0,8
556,Brc1c(CSc2nc3ccccc3o2)nc2ccccn12,360.23600000000005,4.530300000000003,3,43.33,4,4,0,5
557,CC(=O)Nc1ccc(S(=O)(=O)Nc2nc3ccccc3nc2NCCc2ccccc2)cc1,461.5470000000002,4.043600000000002,8,113.08,4,4,3,6
558,c1nc(NC2CCCCC2)c2c3c(sc2n1)CCCC3,287.4320000000001,4.314700000000003,2,37.81,4,2,1,4
559,COc1ccc(NS(=O)(=O)c2ccc3c4c(cccc24)C(=O)N3)cc1,354.38700000000006,3.214900000000001,4,84.5,4,3,2,4
560,CCOC(=O)C1C(C)=NC(=O)NC1c1cccc(OC)c1,290.3190000000001,2.0997,4,76.99,2,1,1,4
561,O=C(O)c1cc2ccccc2c(Cc2c(O)c(C(=O)O)cc3ccccc23)c1O,388.37500000000006,4.391400000000003,4,115.06,4,4,4,4
562,c1ccc2oc(SCCSc3nc4ccccc4o3)nc2c1,328.41800000000006,4.853400000000002,5,52.06,4,4,0,6
563,CC(=O)Nc1cc2nc3ccccc3nc2cc1NC(C)=O,294.3140000000001,2.6998000000000006,2,83.97999999999999,3,3,2,4
564,Cc1ccc(S(=O)(=O)Nc2ccc3sc(C)nc3c2)cc1,318.42300000000006,3.713940000000002,3,59.06,3,3,1,4
565,Cc1ccc2ncnc(NC3CCCCC3)c2c1,241.33799999999997,3.682820000000002,2,37.81,3,2,1,3
566,O=C1C(=Nc2ccccc2F)C(Cl)C(=O)N1c1ccc(Br)cc1,395.615,3.8415000000000017,2,49.74,3,2,0,3
567,Cc1nc(Sc2nnnn2-c2ccccc2)c2c3c(sc2n1)CCC3,366.4750000000002,3.6153200000000023,3,69.38,5,4,0,8
568,Clc1ccc2nc(CSc3nnnn3-c3ccccc3)c(Br)n2c1,421.71100000000007,4.018200000000001,4,60.900000000000006,4,4,0,7
569,Cc1cccc(Nn2c(N)c(C#N)c3nc4ccccc4nc32)c1,314.35200000000003,3.2220000000000004,2,92.55000000000001,4,4,2,6
570,NCC=CC(=O)O,101.10499999999999,-0.41409999999999997,2,63.32000000000001,0,0,2,2
571,CC1(O)CCC2C(CCC3C2CCC2(C)C(C(=O)Cn4cc(C#N)cn4)CCC32)C1,409.57400000000024,4.3436800000000035,3,78.91,5,1,1,5
572,ClC(=Cn1cncn1)c1ccc(Cl)cc1Cl,274.538,3.779300000000001,2,30.71,2,2,0,3
573,CC(C)=CCc1c(O)cc2c(c1O)C(=O)CC(c1ccc(O)cc1)O2,340.375,4.018600000000003,3,86.99000000000001,3,2,3,5
574,CCCNC(=O)c1nnc2c(-c3c(F)cccc3OC)cccc2c1N,354.3850000000001,3.166500000000001,5,90.13,3,3,2,5
575,Cc1ncsc1CCCl,161.65699999999998,2.2328200000000002,2,12.89,1,1,0,2
576,CCOC(=O)c1cncn1C(C)c1ccccc1,244.294,2.669100000000001,4,44.12,2,2,0,4
577,CC(C)=CCCC(C)(OC1OC(COC2OC(CO)C(O)C2O)C(O)C(O)C1O)C1CCC2(C)C1C(O)CC1C3(C)CCC(OC4OC(CO)C(O)C(O)C4OC4OC(CO)C(O)C(O)C4O)C(C)(C)C3CCC12C,1079.2810000000002,-1.5634999999999817,16,357.06000000000006,8,0,14,22
578,COc1cc(C=CC(=O)O)cc(OC)c1OC,238.23899999999998,1.8101999999999998,5,64.99000000000001,1,1,1,4
579,O=c1[nH]oc2c1CCNC2,140.142,-0.3864000000000001,0,58.03,2,1,2,3
580,COc1ccccc1-c1oc2ccc(C)cc2c(=O)c1O,282.29499999999996,3.482620000000003,2,59.67,3,3,1,4
581,Clc1ccc(-n2nc3c4c(ncc3c2OCc2ccccc2Cl)CCOC4)cc1,426.3030000000002,5.379000000000003,4,49.17,5,4,0,5
582,CC(=O)Nc1cccc(Nc2cc3c(cn2)ncn3CC2CC2)c1,321.3840000000001,3.543300000000002,5,71.84,4,3,2,5
583,CC(NC(=O)C(=O)c1c[nH]c2ccc([N+](=O)[O-])cc12)c1ccccc1,337.33500000000004,3.1362000000000014,5,105.1,3,3,2,4
584,NCCCC(=O)O,103.12099999999998,-0.19009999999999977,3,63.32000000000001,0,0,2,2
585,CC1(CC(=O)O)CSC(=N)N1,174.22500000000002,0.49096999999999996,2,73.17999999999999,1,0,3,3
586,N=C1NC(CC(=O)O)CS1,160.198,0.10087000000000018,2,73.18,1,0,3,3
587,CC1SC(=N)NC1CC(=O)O,174.22499999999997,0.4893699999999999,2,73.18,1,0,3,3
588,O=C(O)CC1CCNC1,129.159,0.07060000000000005,2,49.33,1,0,2,2
589,CC(C(=O)O)C1CSC(=N)N1,174.22500000000002,0.34686999999999985,2,73.17999999999999,1,0,3,3
590,C#Cc1ccc2c(c1)C(c1ccccc1F)=NCc1c(C(=O)NC)ncn1-2,358.3760000000001,2.7033000000000005,2,59.28,4,3,1,4
591,CP(=O)(O)C1(O)CC(N)C1,165.129,-0.3037000000000001,1,83.55,1,0,3,3
592,CP(=O)(O)C1CC(N)C1,149.12999999999997,0.3763000000000002,1,63.31999999999999,1,0,2,2
593,CCC(C)N(C)C(=O)c1cc2ccccc2c(-c2ccccc2Cl)n1,352.86500000000007,5.425700000000005,4,33.2,3,3,0,2
594,CCCCNC(=O)c1cc(-c2ccc(F)cc2F)ccc1O,305.32399999999996,3.8673000000000024,5,49.33,2,2,2,2
595,NCc1cn(O)nc1-c1ccc(-c2ccccc2)cc1,265.31600000000003,2.913100000000002,3,64.07,3,3,2,4
596,COC(c1ccc(C(C)=O)cc1)C(F)(F)C(=O)C12CC3CC(CC(C3)C1)C2,376.4430000000002,4.997500000000005,6,43.370000000000005,5,1,0,3
597,CCCC=CC(O)C(F)(F)C(=O)c1ccc(Cl)cc1,288.721,3.875200000000003,6,37.3,1,1,1,2
598,CC(=O)c1ccc(C(O)C(F)(F)C(=O)C23CC4CC(CC(C4)C2)C3)cc1,362.4160000000001,4.3434000000000035,5,54.37,5,1,1,3
599,NCc1cnn(O)c1,113.11999999999998,-0.4209000000000003,1,64.07,1,1,2,4
600,O=C(Nc1c(-c2cccs2)nc2c(Br)cc(Br)cn12)c1ccc(Cl)cc1,511.6260000000001,6.493500000000003,3,46.400000000000006,4,4,1,4
601,Cc1ccc2c(c1)Oc1sc(Cl)cc1C(N1CCN(CC(C)(C)C(=O)O)CC1)=N2,433.96100000000035,4.622320000000005,3,65.37,4,2,1,6
602,O=C(Nc1c(-c2cccs2)nc2ccccn12)c1ccc(Cl)cc1,353.83400000000006,4.968500000000002,3,46.400000000000006,4,4,1,4
603,Clc1ccc(COc2c3cnc4c(c3nn2-c2ccc(Cl)cc2)CCCC4)cc1,424.33100000000024,6.185100000000004,4,39.940000000000005,5,4,0,4
604,Fc1ccc(COc2c3cnc4c(c3nn2-c2ccc(Cl)cc2)CCCC4)cc1,407.8760000000002,5.670800000000004,4,39.940000000000005,5,4,0,4
605,Fc1ccccc1COc1c2cnc3c(c2nn1-c1ccc(Cl)cc1)CCCC3,407.8760000000002,5.670800000000004,4,39.940000000000005,5,4,0,4
606,Fc1ccccc1-n1nc2c(cnc3ccccc32)c1OCc1ccccc1Cl,403.84400000000016,5.945200000000003,4,39.94,5,5,0,4
607,O=C(NCc1ccc(O)c(O)c1)C(=O)c1c[nH]c2ccccc12,310.309,2.0781999999999994,4,102.41999999999999,3,3,4,4
608,O=C(O)C1=CCNCC1,127.143,-0.009299999999999864,1,49.33,1,0,2,2
609,C#Cc1ccc2c(c1)C(c1ccccn1)=NCc1c(-c3nc(C(C)C)no3)ncn1-2,394.4380000000001,3.7730000000000024,3,81.99000000000001,5,4,0,7
610,C#Cc1ccc2c(c1)C(c1ccccc1)=NCc1c(C(=O)NC)ncn1-2,340.386,2.5642000000000005,2,59.28,4,3,1,4
611,C#Cc1ccc2c(c1)C(c1ccccn1)=NCc1c(C(=O)NC)ncn1-2,341.374,1.9591999999999996,2,72.17000000000002,4,3,1,5
612,O=c1cc(C2CCNCC2)o[nH]1,168.196,0.4349000000000002,1,58.03,2,1,2,3
613,Oc1ccccc1,94.11299999999999,1.3921999999999999,0,20.23,1,1,1,1
614,CCOC(=O)c1ncc2[nH]c3cccc(OC(C)C)c3c2c1C,312.3690000000001,3.988420000000003,4,64.21,3,3,1,4
615,Oc1ccc2c(c1)CCN(CCCCc1ccccc1)CC2O,311.425,3.3066000000000026,5,43.7,3,2,2,3
616,CCOC(=O)c1cncn1C(C)c1ccccc1,244.294,2.669100000000001,4,44.12,2,2,0,4
617,Cc1cc(-c2nnc3c4ccccc4c(OCc4ccccn4)nn23)no1,358.36100000000005,3.214920000000001,4,91.23,5,5,0,8
618,OC(c1ccc(F)c(Cl)c1)(c1ccc2c(cnn2-c2ccc(F)cc2)c1)C(F)(F)F,438.7830000000001,5.755300000000004,3,38.050000000000004,4,4,1,3
619,CC(C)(C)OC(=O)c1cc2c(cn1)[nH]c1ccccc12,268.31600000000003,3.671400000000002,1,54.98,3,3,1,3
620,CCOC(=O)c1ncn2c1CN(C)C(=O)c1cc(F)ccc1-2,303.293,1.7736999999999998,2,64.43,3,2,0,5
621,CCOC(=O)c1cncn1C(C)c1ccc(C2(C(F)(F)F)N=N2)cc1,352.316,3.850000000000003,5,68.84,3,2,0,6
622,CCCN(CCC)C(=O)Cc1c(-c2ccc(Cl)cc2)nc2c(NC(=O)CCCC(=O)O)cccn12,499.01100000000025,5.039200000000004,12,104.01,3,3,2,5
623,CCCN(CCC)C(=O)Cc1c(-c2ccc(Cl)c([N+](=O)[O-])c2)nc2c(Cl)cc(Cl)cn12,483.7830000000002,6.060800000000005,8,80.75,3,3,0,5
624,Cc1ccc2c(c1)-c1nc(Cc3cc(C)no3)nn1Cc1c(C)ncn1-2,346.3940000000001,2.9965600000000006,2,74.56,5,4,0,7
625,CC(C)c1cc(CCCC2(C)N=N2)cc(C(C)C)c1O,274.408,5.143700000000005,6,44.95,2,1,1,3
626,CCCN(CCC)C(=O)Cc1c(-c2ccc([N+](=O)[O-])cc2)nc2c(Cl)cc(Cl)cn12,449.33800000000014,5.407400000000004,8,80.75,3,3,0,5
627,CCCN(CCC)C(=O)Cc1c(-c2ccc(O)cc2)nc2c(Cl)cc(Cl)cn12,420.3400000000001,5.204800000000005,7,57.84,3,3,1,4
628,CCCCN(C)C(=O)Cc1c(-c2ccc(Cl)c(N)c2)nc2c(Cl)cc(Cl)cn12,439.77400000000006,5.344700000000004,6,63.629999999999995,3,3,1,4
629,CCCCN(C)C(=O)Cc1c(-c2ccc(Cl)c([N+](=O)[O-])c2)nc2c(Cl)cccn12,435.3110000000001,5.017300000000005,7,80.75,3,3,0,5
630,CCCCN(C)C(=O)Cc1c(-c2ccc(Cl)c(N)c2)nc2c(Cl)cccn12,405.329,4.691300000000004,6,63.629999999999995,3,3,1,4
631,CC(C)(O)C(=O)c1oc2nc(-c3ccccc3Cl)c(-c3ccc(Cl)cc3)cc2c1NC(=O)CO,499.35000000000025,5.353000000000006,6,112.66000000000001,4,4,3,6
632,CC(C)(O)C(=O)c1oc2nc(-c3ccc(Cl)cc3Cl)c(-c3ccc(Cl)cc3)cc2c1NC(=O)CO,533.7950000000003,6.0064000000000055,6,112.66000000000001,4,4,3,6
633,Clc1ccc(-n2nc3c4c(ncc3c2OCc2ccccc2Cl)CCCC4)cc1,424.33100000000024,6.185100000000004,4,39.94,5,4,0,4
634,NCc1cn(O)nc1Cc1ccccc1,203.245,1.1699,3,64.07,2,2,2,4
635,NCc1cnn(O)c1Br,192.01599999999996,0.34159999999999996,1,64.07,1,1,2,4
636,O=c1[nH]oc2c1CCNC2,140.142,-0.3864000000000001,0,58.03,2,1,2,3
637,NCc1cn(O)nc1-c1ccccc1,189.21800000000002,1.2461000000000002,2,64.07,2,2,2,4
638,CCCN(CCC)C(=O)Cc1c(-c2ccc(Cl)c(N)c2)nc2c(Cl)cc(Cl)cn12,453.8010000000001,5.734800000000004,7,63.629999999999995,3,3,1,4
639,Nc1nc(CC(=O)O)cs1,158.18199999999996,0.35240000000000005,2,76.21,1,1,2,4
640,Cc1nc(N)ccc1C(=O)O,152.153,0.67042,1,76.21,1,1,2,3
641,Nc1ccc(C(=O)O)c(-c2ccccc2)n1,214.22400000000002,2.029,2,76.21000000000001,2,2,2,3
642,CC(C)c1cccc(C(C)C)c1O,178.27499999999995,3.6390000000000025,2,20.23,1,1,1,1
643,CCCN(CCC)C(=O)Cc1c(-c2ccc(OC)cc2)nc2c(Cl)cc(Cl)cn12,434.36700000000013,5.507800000000006,8,46.84,3,3,0,4
644,NCc1cn(O)nc1-c1cccc(-c2ccccc2)c1,265.31600000000003,2.913100000000002,3,64.07,3,3,2,4
645,C#Cc1ccc2c(c1)C(c1ccccc1)=NCc1c(-c3nc(C(C)C)no3)ncn1-2,393.4500000000001,4.378000000000004,3,69.1,5,4,0,6
646,NCc1cc(=O)[nH]o1,114.10399999999998,-0.5734000000000001,1,72.02000000000001,1,1,2,3
647,C#Cc1ccc2c(c1)C(c1ccccc1F)=NCc1c(-c3nc(C(C)C)no3)ncn1-2,411.44000000000017,4.517100000000004,3,69.1,5,4,0,6
648,Cc1ccc(CNC(=O)C(=O)c2c[nH]c3ccc([N+](=O)[O-])cc23)cc1,337.3350000000001,2.8836200000000005,5,105.1,3,3,2,4
649,Cc1ccc(-c2nc3ccc(F)cn3c2CC(=O)N(C)C)cc1,311.36,3.0795200000000014,3,37.61000000000001,3,3,0,3
650,CCCN(CCC)C(=O)Cc1c(-c2ccc(N)cc2)nc2c(Cl)cc(Cl)cn12,419.35600000000005,5.081400000000005,7,63.629999999999995,3,3,1,4
651,COCc1nc2n(n1)Cc1c(C)ncn1-c1ccc(Br)cc1-2,360.2150000000001,2.7098200000000006,2,57.76,4,3,0,6
652,Cc1ccc2nc(-c3ccc(F)cc3)c(CC(=O)N(C)C)n2c1,311.36,3.0795200000000014,3,37.61,3,3,0,3
653,Cc1ncn2c1Cn1ncnc1-c1cc(Br)ccc1-2,316.16200000000003,2.5634200000000007,0,48.53,4,3,0,5
654,Cc1ncn2c1Cn1nc(CN3CCCC3=O)nc1-c1cc(Br)ccc1-2,413.27900000000005,2.6858200000000014,2,68.84,5,3,0,6
655,Oc1c(Br)cc(Br)cc1-c1cc(Br)cc(Br)c1O,501.7940000000001,5.814800000000003,1,40.46,2,2,2,2
656,Cc1cc(C(=O)O)cnc1N,152.153,0.67042,1,76.21,1,1,2,3
657,CCCCc1nc(N)ccc1C(=O)O,194.234,1.7046000000000001,4,76.21,1,1,2,3
658,NCC=CC(=O)O,101.10499999999999,-0.41409999999999997,2,63.32000000000001,0,0,2,2
659,Nc1ccc(C(=O)O)c(Cl)n1,172.571,1.0154,1,76.21000000000001,1,1,2,3
660,N=C1CCC(C(=O)O)CN1,142.158,0.04786999999999986,1,73.18,1,0,3,2
661,O=C(O)CC1CN=CN1,128.131,-0.5388,2,61.69,1,0,2,3
662,NC1=NC(CC(=O)O)CN1,143.146,-1.2524000000000002,2,87.71,1,0,3,4
663,O=C(O)Cc1c[nH]cn1,126.115,0.03680000000000022,2,65.97999999999999,1,1,2,2
664,CCc1nc(N)ccc1C(=O)O,166.17999999999998,0.9244000000000001,2,76.21,1,1,2,3
665,NCc1cnn(O)c1Cl,147.565,0.23250000000000004,1,64.07,1,1,2,4
666,Cc1cc(Cc2nc3n(n2)Cc2c(C)ncn2-c2ccc(O)cc2-3)on1,348.3660000000001,2.39374,2,94.79,5,4,1,8
667,CCCCN(C)C(=O)Cc1c(-c2ccc(OC)cc2)nc2c(Cl)cc(Cl)cn12,420.3400000000001,5.117700000000005,7,46.84,3,3,0,4
668,CN(C(=O)Cc1c(-c2ccc(O)cc2)nc2c(Cl)cc(Cl)cn12)c1ccccc1,426.3030000000001,5.219200000000004,4,57.84,4,4,1,4
669,NCc1cn(O)nc1I,239.01599999999996,0.18370000000000009,1,64.07,1,1,2,4
670,Cc1c(CN)o[nH]c1=O,128.131,-0.2649799999999999,1,72.02,1,1,2,3
671,Cc1nn(O)cc1CN,127.14699999999999,-0.11248000000000002,1,64.07,1,1,2,4
672,COc1ccc(-c2nc3c(Cl)cc(Cl)cn3c2CC(=O)N(C)c2ccccc2)cc1,440.3300000000002,5.522200000000005,5,46.84,4,4,0,4
673,Cc1nc2n(n1)Cc1c(C)ncn1-c1ccc(Br)cc1-2,330.189,2.8718400000000015,0,48.53,4,3,0,5
674,COc1ccc2c(c1)CCc1cc(O)cc(OC)c1-2,256.301,3.1750000000000016,2,38.69,3,2,1,3
675,Cc1cc(Cc2nc3n(n2)Cc2c(C)ncn2-c2ccccc2-3)on1,332.3670000000001,2.6881400000000006,2,74.56,5,4,0,7
676,CCc1cc(N)ncc1C(=O)O,166.18,0.9244000000000001,2,76.21,1,1,2,3
677,CCc1cccc(CC)c1O,150.22099999999998,2.5170000000000017,2,20.23,1,1,1,1
678,Cc1cc(Cc2nc3n(n2)Cc2c(C)ncn2-c2ccc(Br)cc2-3)on1,411.2630000000001,3.4506400000000017,2,74.56,5,4,0,7
679,CN1C(=O)COc2cc(Nc3cc4c(cc3F)ncn4CC3CC3)cnc21,367.3840000000001,3.079200000000001,4,72.28,5,3,1,6
680,O=C(NCc1ccc(F)cc1)C(=O)c1c[nH]c2ccccc12,296.30100000000004,2.8061000000000007,4,61.96,3,3,2,2
681,Clc1ccc(-n2nc3c4c(ncc3c2Oc2ccccc2Cl)CCCC4)cc1,410.3040000000002,6.398400000000004,3,39.94,5,4,0,4
682,CC(C)(C)OC(=O)NC(c1ccccc1)C(F)(F)C(=O)c1ccc2c(c1)OCO2,405.3970000000002,4.499300000000004,5,73.86,3,2,1,5
683,On1cc2c(n1)CCNC2,139.15800000000002,-0.23389999999999994,0,50.08,2,1,2,4
684,NCc1cn(O)nc1CCc1ccncc1,218.26,0.7592999999999994,4,76.96,2,2,2,5
685,Cc1c(CN)cnn1O,127.14699999999999,-0.11248000000000002,1,64.07,1,1,2,4
686,O=C(O)C1CCNCC1,129.15900000000002,0.07060000000000005,1,49.33,1,0,2,2
687,On1ncc2c1CCNC2,139.158,-0.23390000000000016,0,50.08,2,1,2,4
688,CC=CC=CC(O)C(F)(F)C(=O)C=CCCCC,258.30799999999994,3.4304000000000023,8,37.3,0,0,1,2
689,CC(N)Cn1ncc2ccc(O)cc21,191.23399999999998,1.0890999999999997,2,64.07000000000001,2,2,2,4
690,CCc1ccc(C(O)C(F)(F)C(=O)C23CC4CC(CC(C4)C2)C3)cc1,348.4330000000001,4.703200000000004,5,37.3,5,1,1,2
691,CCC(=O)NC1CCC(C(=O)N(C)c2ccc(-c3nc4ccccc4o3)cc2)C1,391.4710000000001,4.152500000000003,5,75.44,4,3,1,4
692,CC(C)CC(=O)C(F)(F)C(NC(=O)OC(C)(C)C)c1ccccc1,341.398,4.502900000000004,6,55.400000000000006,1,1,1,3
693,O=C(C12CC3CC(CC(C3)C1)C2)C(F)(F)C(O)C=Cc1ccccc1,346.417,4.481500000000004,5,37.3,5,1,1,2
694,O=C(NCc1ccc(O)c(O)c1)C(=O)c1c[nH]c2ccc([N+](=O)[O-])cc12,355.3060000000001,1.9863999999999995,5,145.56,3,3,4,6
695,CN1CCC2(O)c3cc(Br)ccc3N(C)C12c1ccccc1,359.26700000000005,3.275000000000002,1,26.71,4,2,1,3
696,CC1(C)CCc2ncc3c(OCc4ccccc4Cl)n(-c4ccc(Cl)cc4)nc3c2C1,452.38500000000016,6.821200000000005,4,39.94,5,4,0,4
697,COc1cc(CCc2ccc(O)cc2)cc(OC)c1,258.317,3.194600000000001,5,38.69,2,2,1,3
698,Cc1cc(N)ncc1C(=O)O,152.15300000000002,0.67042,1,76.21,1,1,2,3
699,CCCCc1cc(N)ncc1C(=O)O,194.234,1.7046000000000001,4,76.21,1,1,2,3
700,COc1cc(O)cc(CCc2cccc(O)c2)c1,244.29,2.8916000000000013,4,49.69,2,2,2,3
701,NC1=NCC(C(=O)O)CN1,143.146,-1.3948999999999994,1,87.71,1,0,3,4
702,COc1ccc(S(=O)(=O)Nc2c(C)cc(C)cc2C)cc1,305.39900000000006,3.421260000000002,4,55.400000000000006,2,2,1,3
703,NCc1cn(O)nc1N,128.135,-0.8387,1,90.08999999999999,1,1,3,5
704,Nc1ccc(C(=O)O)cn1,138.12599999999998,0.3620000000000001,1,76.21000000000001,1,1,2,3
705,CCc1cc(C(=O)O)cnc1N,166.17999999999995,0.9243999999999999,2,76.21,1,1,2,3
706,CCCN(CCC)C(=O)Cc1c(-c2ccc(OC(=O)CCC(=O)OC)cc2)nc2c(Cl)cc(Cl)cn12,534.4400000000003,5.3578000000000054,11,90.21,3,3,0,7
707,CC=CC=CC(O)C(F)(F)C(=O)C(C)(C)C,232.26999999999995,2.730100000000001,4,37.3,0,0,1,2
708,CC(=O)c1ccc(C(O)CC(=O)C23CC4CC(CC(C4)C2)C3)cc1,326.43600000000004,4.098200000000004,5,54.37,5,1,1,3
709,CCCC=CC(O)C(F)(F)C(=O)c1ccc2ccccc2c1,304.336,4.375000000000003,6,37.3,2,2,1,2
710,NCC(CC(=O)O)c1ccc(Cl)cc1,213.664,1.857,4,63.32000000000001,1,1,2,2
711,CC(C)c1cc(C2(C(F)(F)F)N=N2)cc(C(C)C)c1CO,300.324,4.606600000000005,4,44.95,2,1,1,3
712,CCCCN(C)C(=O)Cc1c(-c2ccc(O)cc2)nc2c(Cl)cc(Cl)cn12,406.31300000000005,4.814700000000005,6,57.84,3,3,1,4
713,Cc1cc(-c2nncc3c(C(C)(C)C)c(OCc4ncnn4C)nn23)no1,368.401,2.092719999999999,4,109.05,4,4,0,10
714,CN1C(=O)C(N2CCc3c(nn(Cc4ccccc4)c3Br)C2=O)COc2ccccc21,481.3500000000002,3.116200000000001,3,67.67,5,3,0,5
715,COc1ccc(C(O)C(F)(F)C(=O)c2ccc3ccccc3c2)cc1,342.341,4.400000000000003,5,46.53,3,3,1,3
716,Nc1ncc(C(=O)O)cc1I,264.02199999999993,0.9666000000000001,1,76.21,1,1,2,3
717,CN1C(=O)CN=C(c2ccccc2)c2cc(Cl)ccc21,284.74600000000004,3.153800000000002,1,32.67,3,2,0,2
718,O=C(O)c1cc(-c2ccc(C3CCNCC3)cc2)c2ccc(-c3ccc(C(F)(F)F)cc3)cc2c1,475.51000000000005,7.3578000000000054,4,49.33,5,4,2,2
719,COc1ccc2c(c1)-n1ncc(C(=O)Nc3ccccc3)c1NC2,320.35200000000003,3.058700000000001,3,68.18,4,3,2,5
720,COc1ccc2cnc3c(C(=O)NC4CCCCC4)cnn3c2c1,324.384,2.9536000000000016,3,68.52,4,3,1,5
721,CN(C(=O)Cc1c(-c2nccs2)nc2c(Cl)cc(Cl)cn12)c1ccccc1,417.32100000000014,4.970100000000004,4,50.5,4,4,0,5
722,NCCCCc1no[nH]c1=O,157.173,-0.35569999999999985,4,84.91,1,1,2,4
723,Cc1cccc(C)c1O,122.16699999999999,2.00904,0,20.23,1,1,1,1
724,Clc1ccc(-n2nc3c4c(ncc3c2OCC2CC2)CCCC4)cc1,353.85300000000024,4.741500000000004,4,39.94,5,3,0,4
725,O=c1cc(-c2cccc([N+](=O)[O-])c2)oc2ccc(Br)cc12,346.136,4.130700000000002,2,73.35,3,3,0,4
726,COc1cc(CCc2ccc(OC)c(OC)c2)cc(OC)c1,302.37000000000006,3.5062000000000024,7,36.92,2,2,0,4
727,Clc1ccc(-n2nc3c(cnc4ccccc43)c2OCC2CC2)cc1,349.8210000000002,5.015900000000003,4,39.94,5,4,0,4
728,CCCN(CCC)C(=O)Cc1c(-c2nccs2)nc2c(Cl)cc(Cl)cn12,411.3580000000001,4.955700000000005,7,50.5,3,3,0,5
729,Clc1ccc(-n2nc3c(cnc4ccc(-n5ccnc5)cc43)c2OCC2CC2)cc1,415.88400000000024,5.2016000000000036,5,57.760000000000005,6,5,0,6
730,Cc1cc(Cc2nc3n(n2)Cc2c(C)ncn2-c2ccc(Cl)cc2-3)on1,366.8120000000001,3.341540000000002,2,74.56,5,4,0,7
731,Cc1cc(Cc2nc3n(n2)Cc2c(C)ncn2-c2ccc(OC(F)(F)F)cc2-3)on1,416.3630000000001,3.5867400000000016,3,83.79,5,4,0,8
732,Clc1ccc(-n2nc3c4c(ncc3c2OCc2ccccc2Cl)CCCCC4)cc1,438.3580000000003,6.575200000000004,4,39.94,5,4,0,4
733,CCOC(=O)C1C(C)=NC(=O)NC1c1cccc(O)c1,276.29200000000003,1.7967,3,87.99,2,1,2,4
734,COC(=O)C1C(C)=NC(=O)NC1c1ccccc1,246.26600000000005,1.7009999999999998,2,67.75999999999999,2,1,1,3
735,O=C(NCc1ccc(O)c(O)c1)C(=O)c1c[nH]c2ccc(Cl)cc12,344.7540000000001,2.731600000000001,4,102.41999999999999,3,3,4,4
736,CCCN(CCC)C(=O)Cc1c(-c2ccc(Cl)c(NC(=O)CCC(=O)O)c2)nc2c(Cl)cc(Cl)cn12,553.8740000000003,5.955900000000005,11,104.01,3,3,2,5
737,CCCN(CCC)C(=O)Cc1c(-c2ccc(Cl)cc2)nc2c(NC(=O)CC(=O)O)cccn12,470.95700000000016,4.259000000000002,10,104.01,3,3,2,5
738,CCCN(CCC)C(=O)Cc1c(-c2ccc(Cl)cc2)nc2c(NC(=O)CCC(=O)O)cccn12,484.9840000000002,4.649100000000003,11,104.01,3,3,2,5
739,NC1CC=C(C(=O)O)C1,127.14299999999999,0.11849999999999955,1,63.32000000000001,1,0,2,2
740,Cc1c(F)c(Nc2cnc3c(c2)OCC(=O)N3C)cc2c1ncn2CC1CC1,381.4110000000002,3.387620000000002,4,72.28,5,3,1,6
741,CCc1nn(O)cc1CN,141.17399999999995,0.14150000000000007,2,64.07,1,1,2,4
742,NCCCc1no[nH]c1=O,143.146,-0.7458000000000005,3,84.91,1,1,2,4
743,COc1cc(O)cc(C=Cc2cccc(O)c2)c1,242.274,3.2768000000000015,3,49.69,2,2,2,3
744,CCOC(=O)C1=C(C)N(C)C(=S)NC1c1cccc(O)c1,306.38700000000006,2.0903,3,61.8,2,1,2,4
745,Cc1noc(Cc2nc3n(n2)Cc2c(C)ncn2-c2ccc(Br)cc2-3)n1,412.25100000000003,2.8456400000000004,2,87.45,5,4,0,8
746,COc1ccc2c(c1)-c1nc(Cc3cc(C)no3)nn1Cc1c(C)ncn1-2,362.3930000000001,2.69674,3,83.78999999999999,5,4,0,8
747,O=C(Nc1c(-c2cccs2)nc2ccc(I)cn12)c1ccc(Cl)cc1,479.73,5.573100000000003,3,46.400000000000006,4,4,1,4
748,O=C(C12CC3CC(CC(C3)C1)C2)C(F)(F)C(O)c1ccccc1,320.37899999999996,4.140800000000003,4,37.3,5,1,1,2
749,CC1=C(C#N)C(c2ccc3[nH]nc(C)c3c2)C(C#N)=C(C)N1,289.342,3.1532800000000014,1,88.28999999999999,3,2,2,4
750,CCCCN(C)C(=O)Cc1c(-c2ccc(Cl)c([N+](=O)[O-])c2)nc2c(Cl)cc(Cl)cn12,469.75600000000014,5.6707000000000045,7,80.75,3,3,0,5
751,CCCN(CCC)C(=O)Cc1c(-c2ccc(Cl)cc2)nc2c(NC(=O)CCC(=O)OCC)cccn12,513.0380000000002,5.127600000000004,12,93.01,3,3,1,6
752,Clc1ccccc1COc1c2cnc3ccccc3c2nn1-c1ccc2c(c1)OCO2,429.8630000000002,5.534800000000004,4,58.400000000000006,6,5,0,6
753,O=C(Nc1c(-c2cccs2)nc2ccc(F)cn12)c1ccc(Cl)cc1,371.82400000000007,5.107600000000002,3,46.400000000000006,4,4,1,4
754,CN(C(=O)Cn1c(=O)oc2ccc(-c3cccnc3)cc21)c1ccc(C(F)(F)F)cc1,427.3820000000001,4.338300000000003,4,68.34,4,4,0,5
755,Cc1ncn2c1Cn1nc(CC3CC3)nc1-c1cc(Br)ccc1-2,370.25399999999996,3.515920000000002,2,48.53,5,3,0,5
756,CC(CC(O)C(F)(F)C(=O)c1ccc2c(c1)OCO2)O[Si](C(C)C)(C(C)C)C(C)C,444.5910000000002,5.564900000000005,10,64.99000000000001,2,1,1,5
757,Cc1cc(C(O)(c2ccc3c(cnn3-c3ccc(F)cc3)c2)C(F)(F)F)ccc1F,418.365,5.410320000000003,3,38.050000000000004,4,4,1,3
758,COC(=O)C1C(C)=NC(=S)NC1c1cccc(O)c1,278.333,1.5714999999999997,2,70.92,2,1,2,4
759,CN1C(=O)C(N2CCc3cn(CC4CCS(=O)(=O)CC4)nc3C2=O)COc2ccccc21,458.5400000000003,1.1301999999999994,3,101.81000000000002,5,2,0,7
760,CC(=O)c1ccc(C(O)C(F)(F)C(=O)c2ccccn2)cc1,305.28,2.8358000000000008,5,67.25999999999999,2,2,1,4
761,NCc1cn(O)nc1CCc1ccccc1,217.272,1.3642999999999996,4,64.07,2,2,2,4
762,Clc1ccc(-n2nc3c(cnc4ccccc43)c2OCc2ccccc2Cl)cc1,420.2990000000002,6.459500000000004,4,39.94,5,5,0,4
763,FC(F)(F)c1ccccc1COc1c2cnc3c(c2nn1-c1ccc(Cl)cc1)CCCC3,457.88300000000027,6.550500000000006,4,39.940000000000005,5,4,0,4
764,O=c1c2cnc3ccccc3c2[nH]n1-c1ccc(Cl)cc1,295.72900000000004,3.5204000000000013,1,50.68,4,4,1,3
765,O=C(c1ccc2ccccc2c1)C(F)F,206.19099999999997,3.287600000000001,2,17.07,2,2,0,1
766,Clc1ccc(-n2nc3c4c(ncc3c2OCc2cccc(Cl)c2)CCCC4)cc1,424.33100000000024,6.185100000000004,4,39.94,5,4,0,4
767,O=C(Nc1c(-c2ccccc2)nc2ccccn12)c1ccccc1,313.36,4.253600000000002,3,46.400000000000006,4,4,1,3
768,COC(=O)c1cc2c(cn1)[nH]c1ccccc12,226.235,2.502700000000001,1,54.98,3,3,1,3
769,N#Cc1cc(C(O)(c2ccc3c(cnn3-c3ccc(F)cc3)c2)C(F)(F)F)ccc1F,429.348,4.973580000000001,3,61.839999999999996,4,4,1,4
770,OC(c1ccc2c(cnn2-c2ccc(F)cc2)c1)(c1cccc(Cl)c1Cl)C(F)(F)F,455.23800000000006,6.269600000000004,3,38.050000000000004,4,4,1,3
771,CC=CC=CC(O)C(F)(F)C(=O)c1ccc2ccccc2c1,302.32,4.1510000000000025,5,37.3,2,2,1,2
772,O=C(c1ccc2ccccc2c1)C(F)(F)C(O)C1CCCCC1,318.36300000000017,4.599000000000003,4,37.3,3,2,1,2
773,CCOC(=O)C1C(C)=NC(=S)NC1c1cccc(O)c1,292.36000000000007,1.9616,3,70.92,2,1,2,4
774,Cc1nn(O)c(C)c1CN,141.17399999999998,0.19594000000000011,1,64.07,1,1,2,4
775,Cc1ncn2c1Cn1nc(C(C)(C)C)nc1-c1cc(Br)ccc1-2,372.27000000000004,3.860920000000003,0,48.53,4,3,0,5
776,CC(C)c1ccccc1O,136.19399999999996,2.5156000000000014,1,20.23,1,1,1,1
777,CC(C)(C)c1cc(C(C)(C)C)c2c(c1)C(O)(C(F)(F)F)C(=O)O2,330.346,3.950500000000004,0,46.53,2,1,1,3
778,CCOC(=O)C1C(C)=NC(=S)NC1c1ccc(O)c(O)c1,308.35900000000004,1.6672,3,91.15,2,1,3,5
779,COc1ccc2c(c1)-n1ncc(C(=O)NCc3ccco3)c1NC2,324.34000000000003,2.3293999999999997,4,81.32000000000001,4,3,2,6
780,CC1(C)CC(=O)c2c(SCCO)sc(-c3nccs3)c2C1,339.50700000000006,4.111100000000003,4,50.19,3,2,1,6
781,C=CC1CC1(NC(=O)C1CC(Oc2cc(-c3csc(NC(=O)C(C)C)n3)nc3c(Br)c(OC)ccc23)CN1C(=O)C(NC(=O)OC1CCCC1)C(C)(C)C)C(=O)O,869.8359999999997,6.301200000000006,13,198.37999999999997,6,3,4,11
782,CN1CCC2(O)c3cc(I)ccc3N(C)C12c1ccccc1,406.2670000000001,3.1171000000000015,1,26.71,4,2,1,3
783,O=C(NC1CCc2ccccc21)C(=O)c1c[nH]c2ccc([N+](=O)[O-])cc12,349.3460000000001,3.062500000000001,4,105.1,4,3,2,4
784,CC1(C)C2CCC(C(O)C(F)(F)C(=O)c3ccc4c(c3)OCO4)C1C2,352.3770000000001,3.6665000000000028,4,55.760000000000005,5,1,1,4
785,NS(=O)(=O)c1cc(NC(=O)Cc2ccccc2)ccc1Oc1cccc(Cl)c1,416.8860000000001,3.9609000000000023,6,98.49,3,3,2,4
786,NC1(C(=O)O)C(F)CC2C(C(=O)O)C21,203.169,-0.5428999999999999,2,100.62000000000002,2,0,3,3
787,CNc1ccc(C(=O)O)cn1,152.153,0.8214999999999999,2,62.22,1,1,2,3
788,CCn1cc(-c2cccc(C(F)(F)F)c2)c2sc(C(=N)NC3CCS(=O)(=O)CC3)cc2c1=O,497.56400000000025,4.260870000000003,4,92.02000000000001,4,3,2,6
789,Cc1cc(OC2CCS(=O)(=O)CC2)cc(C)c1-c1cccc(COc2ccc(C(=O)O)c(F)c2)c1,498.57200000000023,5.3427400000000045,7,89.90000000000002,4,3,1,5
790,CN(C)C(=O)Cc1c(-c2ccc(F)cc2)nc2ccc(F)cn12,315.32300000000004,2.9102000000000015,3,37.61,3,3,0,3
791,O=C(C12CC3CC(CC(C3)C1)C2)C(F)(F)C(NS(=O)(=O)c1ccccc1)c1ccccc1,459.5580000000001,5.127000000000004,7,63.24,6,2,1,3
792,CC(C)(C)OC(=O)NC(c1ccccc1)C(F)(F)C(=O)c1ccc2ccccc2c1,411.44800000000015,5.923800000000005,5,55.4,3,3,1,3
793,O=C(C12CC3CC(CC(C3)C1)C2)C(F)(F)C(O)c1ccc(Cl)cc1,354.82399999999996,4.7942000000000045,4,37.3,5,1,1,2
794,OC(c1ccnc(Cl)c1)(c1ccc2c(cnn2-c2ccc(F)cc2)c1)C(F)(F)F,421.78100000000006,5.011200000000002,3,50.940000000000005,4,4,1,4
795,Nc1cc(-c2ccccc2)c(C(=O)O)cn1,214.224,2.029,2,76.21000000000001,2,2,2,3
796,COc1ccc2cnc3c(C(=O)NCc4cccs4)cnn3c2c1,338.39200000000005,2.882600000000001,4,68.52,4,4,1,6
797,CCC1CN2CCC3(O)C(=Nc4cccc(-c5ccoc5)c43)C2CC1C(=COC)C(=O)OC,450.53500000000025,4.044000000000003,5,84.50000000000001,5,2,1,7
798,NCCc1no[nH]c1=O,129.119,-1.1359000000000004,2,84.91,1,1,2,4
799,O=C1c2ccccc2C(=O)N1CC(O)C(F)(F)C(=O)C12CC3CC(CC(C3)C1)C2,403.42500000000024,3.064300000000002,5,74.68,6,1,1,4
800,CCOC(=O)C1C(CC)=NC(=S)NC1c1cccc(O)c1,306.38700000000006,2.3517,4,70.92,2,1,2,4
801,Cc1ccc2nc(-c3cccs3)c(NC(=O)c3ccc(Cl)cc3)n2c1,367.86100000000005,5.276920000000003,3,46.400000000000006,4,4,1,4
802,O=C(N1CCS(=O)(=O)CC1)N1CC(c2ccc(OC(F)(F)F)cc2)CC(c2nc(C3CC3)no2)C1,514.5260000000002,3.2691000000000017,4,105.84,5,2,0,7
803,CN1C(=O)CCC1c1cccnc1,176.21900000000002,1.3749,1,33.2,2,1,0,2
804,COc1ccc2cnc3c(C(=O)NCc4ccco4)cnn3c2c1,322.32400000000007,2.4141000000000004,4,81.66,4,4,1,6
805,N#CC1(c2ccccn2)CCN(Cc2cc(C(=O)O)c(=O)n3ccccc23)CC1,388.42700000000013,2.4500800000000007,4,98.69999999999999,4,3,1,6
806,CN1C(=O)C(N2CCc3cn(Cc4ccccc4)nc3C2=O)COc2ccccc21,402.45400000000024,2.353699999999999,3,67.67,5,3,0,5
807,COc1ccc2cnc3c(C(=O)Nc4ccccc4)cnn3c2c1,318.33600000000007,3.1434000000000006,3,68.52,4,4,1,5
808,O=C(c1ccc(Cl)cc1)C(F)(F)C(NCc1ccccc1)c1ccccc1,385.84100000000007,5.689100000000004,7,29.1,3,3,1,2
809,O=C(c1ccc2ccccc2c1)C(F)(F)C(NS(=O)(=O)c1ccccc1)c1ccccc1,451.49400000000014,5.377600000000004,7,63.24,4,4,1,3
810,O=C(Nc1c(-c2cccs2)nc2ccc(Br)cn12)c1ccc(Oc2ccccc2)cc1,490.3820000000001,6.869900000000004,5,55.63000000000001,5,5,1,5
811,O=C(c1ccc(OCCC2CCOCC2)cc1)C1CCC(Cn2nnc3ccccc3c2=O)C1C(=O)O,505.57100000000025,3.5969000000000024,9,120.61,5,3,1,8
812,CCC1CN2CCC3(O)C(=Nc4cccc(C)c43)C2CC1C(=COC)C(=O)OC,398.5030000000002,3.0924200000000015,4,71.36,4,1,1,6
813,O=C(Nc1c(-c2cccs2)nc2ccc(-c3cccs3)cn12)c1ccccc1,401.516,6.043600000000004,4,46.400000000000006,5,5,1,5
814,O=C(Nc1c(-c2cccs2)nc2ccc(Br)cn12)c1ccccc1,398.285,5.077600000000003,3,46.400000000000006,4,4,1,4
815,Cc1cc(OC2CCS(=O)(=O)CC2)cc(C)c1-c1cccc(COc2ccc(CCC(=O)O)c(F)c2)c1,526.6260000000003,5.661740000000005,9,89.90000000000002,4,3,1,5
816,O=C(Nc1c(-c2cccs2)nc2ccc(-c3ccccc3)cn12)c1ccccc1,395.487,5.982100000000005,4,46.400000000000006,5,5,1,4
817,CCC1CN2CCC3(O)C(=Nc4cccc(-c5ccccc5)c43)C2CC1C(=COC)C(=O)OC,460.57400000000024,4.451000000000004,5,71.36,5,2,1,6
818,O=C(NCc1ncc(C(F)(F)F)cc1Cl)c1ccc2c(c1)C1(CCS(=O)(=O)CC1)C(C1CC1)N2S(=O)(=O)c1ccc(F)cc1,672.1220000000004,5.2568000000000055,6,113.50999999999999,6,3,1,6
819,CC=CC=CC(NCc1ccccc1)C(F)(F)C(=O)c1ccc2ccccc2c1,391.4610000000001,5.9485000000000054,8,29.1,3,3,1,2
820,O=C(c1ccc2ccccc2c1)C(F)(F)C(NCc1ccccc1)c1ccccc1,401.4560000000001,6.188900000000005,7,29.1,4,4,1,2
821,CC1CCC(C(C)C)C(OC(=O)OC(C)OC(=O)C2C3CC(F)C(N)(C(=O)O)C32)C1,429.4850000000002,2.8757,6,125.15000000000002,3,0,2,7
822,Cc1cc(-c2nnc3c4ccccc4c(OCc4cn(C)nn4)nn23)no1,362.35300000000007,1.948419999999999,4,109.05,5,5,0,10
823,O=C(Nc1c(-c2cccs2)nc2cc(Br)ccn12)c1ccc(Cl)cc1,432.73,5.7310000000000025,3,46.400000000000006,4,4,1,4
824,O=C(Nc1c(C2CCCC2)nc2ccc(Br)cn12)c1ccccc1,384.27700000000004,5.006700000000004,3,46.400000000000006,4,3,1,3
825,COc1ccc(Nc2cc3c(cn2)ncn3CC2CC2)c(OC)c1,324.38400000000007,3.602100000000002,6,61.2,4,3,1,6
826,O=C(Nc1c(-c2cccs2)nc2ccc(C(F)(F)F)cn12)c1ccc(Cl)cc1,421.831,5.987300000000003,3,46.400000000000006,4,4,1,4
